cult-protocol	1	770	1.21.5
packet	configuration	clientbound	0	minecraft:cookie_request
packet	configuration	clientbound	1	minecraft:custom_payload
packet	configuration	clientbound	2	minecraft:disconnect
packet	configuration	clientbound	3	minecraft:finish_configuration
packet	configuration	clientbound	4	minecraft:keep_alive
packet	configuration	clientbound	5	minecraft:ping
packet	configuration	clientbound	6	minecraft:reset_chat
packet	configuration	clientbound	7	minecraft:registry_data
packet	configuration	clientbound	8	minecraft:resource_pack_pop
packet	configuration	clientbound	9	minecraft:resource_pack_push
packet	configuration	clientbound	10	minecraft:store_cookie
packet	configuration	clientbound	11	minecraft:transfer
packet	configuration	clientbound	12	minecraft:update_enabled_features
packet	configuration	clientbound	13	minecraft:update_tags
packet	configuration	clientbound	14	minecraft:select_known_packs
packet	configuration	clientbound	15	minecraft:custom_report_details
packet	configuration	clientbound	16	minecraft:server_links
packet	configuration	serverbound	0	minecraft:client_information
packet	configuration	serverbound	1	minecraft:cookie_response
packet	configuration	serverbound	2	minecraft:custom_payload
packet	configuration	serverbound	3	minecraft:finish_configuration
packet	configuration	serverbound	4	minecraft:keep_alive
packet	configuration	serverbound	5	minecraft:pong
packet	configuration	serverbound	6	minecraft:resource_pack
packet	configuration	serverbound	7	minecraft:select_known_packs
packet	handshake	serverbound	0	minecraft:intention
packet	login	clientbound	0	minecraft:login_disconnect
packet	login	clientbound	1	minecraft:hello
packet	login	clientbound	2	minecraft:login_finished
packet	login	clientbound	3	minecraft:login_compression
packet	login	clientbound	4	minecraft:custom_query
packet	login	clientbound	5	minecraft:cookie_request
packet	login	serverbound	0	minecraft:hello
packet	login	serverbound	1	minecraft:key
packet	login	serverbound	2	minecraft:custom_query_answer
packet	login	serverbound	3	minecraft:login_acknowledged
packet	login	serverbound	4	minecraft:cookie_response
packet	play	clientbound	0	minecraft:bundle_delimiter
packet	play	clientbound	1	minecraft:add_entity
packet	play	clientbound	2	minecraft:animate
packet	play	clientbound	3	minecraft:award_stats
packet	play	clientbound	4	minecraft:block_changed_ack
packet	play	clientbound	5	minecraft:block_destruction
packet	play	clientbound	6	minecraft:block_entity_data
packet	play	clientbound	7	minecraft:block_event
packet	play	clientbound	8	minecraft:block_update
packet	play	clientbound	9	minecraft:boss_event
packet	play	clientbound	10	minecraft:change_difficulty
packet	play	clientbound	11	minecraft:chunk_batch_finished
packet	play	clientbound	12	minecraft:chunk_batch_start
packet	play	clientbound	13	minecraft:chunks_biomes
packet	play	clientbound	14	minecraft:clear_titles
packet	play	clientbound	15	minecraft:command_suggestions
packet	play	clientbound	16	minecraft:commands
packet	play	clientbound	17	minecraft:container_close
packet	play	clientbound	18	minecraft:container_set_content
packet	play	clientbound	19	minecraft:container_set_data
packet	play	clientbound	20	minecraft:container_set_slot
packet	play	clientbound	21	minecraft:cookie_request
packet	play	clientbound	22	minecraft:cooldown
packet	play	clientbound	23	minecraft:custom_chat_completions
packet	play	clientbound	24	minecraft:custom_payload
packet	play	clientbound	25	minecraft:damage_event
packet	play	clientbound	26	minecraft:debug_sample
packet	play	clientbound	27	minecraft:delete_chat
packet	play	clientbound	28	minecraft:disconnect
packet	play	clientbound	29	minecraft:disguised_chat
packet	play	clientbound	30	minecraft:entity_event
packet	play	clientbound	31	minecraft:entity_position_sync
packet	play	clientbound	32	minecraft:explode
packet	play	clientbound	33	minecraft:forget_level_chunk
packet	play	clientbound	34	minecraft:game_event
packet	play	clientbound	35	minecraft:horse_screen_open
packet	play	clientbound	36	minecraft:hurt_animation
packet	play	clientbound	37	minecraft:initialize_border
packet	play	clientbound	38	minecraft:keep_alive
packet	play	clientbound	39	minecraft:level_chunk_with_light
packet	play	clientbound	40	minecraft:level_event
packet	play	clientbound	41	minecraft:level_particles
packet	play	clientbound	42	minecraft:light_update
packet	play	clientbound	43	minecraft:login
packet	play	clientbound	44	minecraft:map_item_data
packet	play	clientbound	45	minecraft:merchant_offers
packet	play	clientbound	46	minecraft:move_entity_pos
packet	play	clientbound	47	minecraft:move_entity_pos_rot
packet	play	clientbound	48	minecraft:move_minecart_along_track
packet	play	clientbound	49	minecraft:move_entity_rot
packet	play	clientbound	50	minecraft:move_vehicle
packet	play	clientbound	51	minecraft:open_book
packet	play	clientbound	52	minecraft:open_screen
packet	play	clientbound	53	minecraft:open_sign_editor
packet	play	clientbound	54	minecraft:ping
packet	play	clientbound	55	minecraft:pong_response
packet	play	clientbound	56	minecraft:place_ghost_recipe
packet	play	clientbound	57	minecraft:player_abilities
packet	play	clientbound	58	minecraft:player_chat
packet	play	clientbound	59	minecraft:player_combat_end
packet	play	clientbound	60	minecraft:player_combat_enter
packet	play	clientbound	61	minecraft:player_combat_kill
packet	play	clientbound	62	minecraft:player_info_remove
packet	play	clientbound	63	minecraft:player_info_update
packet	play	clientbound	64	minecraft:player_look_at
packet	play	clientbound	65	minecraft:player_position
packet	play	clientbound	66	minecraft:player_rotation
packet	play	clientbound	67	minecraft:recipe_book_add
packet	play	clientbound	68	minecraft:recipe_book_remove
packet	play	clientbound	69	minecraft:recipe_book_settings
packet	play	clientbound	70	minecraft:remove_entities
packet	play	clientbound	71	minecraft:remove_mob_effect
packet	play	clientbound	72	minecraft:reset_score
packet	play	clientbound	73	minecraft:resource_pack_pop
packet	play	clientbound	74	minecraft:resource_pack_push
packet	play	clientbound	75	minecraft:respawn
packet	play	clientbound	76	minecraft:rotate_head
packet	play	clientbound	77	minecraft:section_blocks_update
packet	play	clientbound	78	minecraft:select_advancements_tab
packet	play	clientbound	79	minecraft:server_data
packet	play	clientbound	80	minecraft:set_action_bar_text
packet	play	clientbound	81	minecraft:set_border_center
packet	play	clientbound	82	minecraft:set_border_lerp_size
packet	play	clientbound	83	minecraft:set_border_size
packet	play	clientbound	84	minecraft:set_border_warning_delay
packet	play	clientbound	85	minecraft:set_border_warning_distance
packet	play	clientbound	86	minecraft:set_camera
packet	play	clientbound	87	minecraft:set_chunk_cache_center
packet	play	clientbound	88	minecraft:set_chunk_cache_radius
packet	play	clientbound	89	minecraft:set_cursor_item
packet	play	clientbound	90	minecraft:set_default_spawn_position
packet	play	clientbound	91	minecraft:set_display_objective
packet	play	clientbound	92	minecraft:set_entity_data
packet	play	clientbound	93	minecraft:set_entity_link
packet	play	clientbound	94	minecraft:set_entity_motion
packet	play	clientbound	95	minecraft:set_equipment
packet	play	clientbound	96	minecraft:set_experience
packet	play	clientbound	97	minecraft:set_health
packet	play	clientbound	98	minecraft:set_held_slot
packet	play	clientbound	99	minecraft:set_objective
packet	play	clientbound	100	minecraft:set_passengers
packet	play	clientbound	101	minecraft:set_player_inventory
packet	play	clientbound	102	minecraft:set_player_team
packet	play	clientbound	103	minecraft:set_score
packet	play	clientbound	104	minecraft:set_simulation_distance
packet	play	clientbound	105	minecraft:set_subtitle_text
packet	play	clientbound	106	minecraft:set_time
packet	play	clientbound	107	minecraft:set_title_text
packet	play	clientbound	108	minecraft:set_titles_animation
packet	play	clientbound	109	minecraft:sound_entity
packet	play	clientbound	110	minecraft:sound
packet	play	clientbound	111	minecraft:start_configuration
packet	play	clientbound	112	minecraft:stop_sound
packet	play	clientbound	113	minecraft:store_cookie
packet	play	clientbound	114	minecraft:system_chat
packet	play	clientbound	115	minecraft:tab_list
packet	play	clientbound	116	minecraft:tag_query
packet	play	clientbound	117	minecraft:take_item_entity
packet	play	clientbound	118	minecraft:teleport_entity
packet	play	clientbound	119	minecraft:test_instance_block_status
packet	play	clientbound	120	minecraft:ticking_state
packet	play	clientbound	121	minecraft:ticking_step
packet	play	clientbound	122	minecraft:transfer
packet	play	clientbound	123	minecraft:update_advancements
packet	play	clientbound	124	minecraft:update_attributes
packet	play	clientbound	125	minecraft:update_mob_effect
packet	play	clientbound	126	minecraft:update_recipes
packet	play	clientbound	127	minecraft:update_tags
packet	play	clientbound	128	minecraft:projectile_power
packet	play	clientbound	129	minecraft:custom_report_details
packet	play	clientbound	130	minecraft:server_links
packet	play	serverbound	0	minecraft:accept_teleportation
packet	play	serverbound	1	minecraft:block_entity_tag_query
packet	play	serverbound	2	minecraft:bundle_item_selected
packet	play	serverbound	3	minecraft:change_difficulty
packet	play	serverbound	4	minecraft:chat_ack
packet	play	serverbound	5	minecraft:chat_command
packet	play	serverbound	6	minecraft:chat_command_signed
packet	play	serverbound	7	minecraft:chat
packet	play	serverbound	8	minecraft:chat_session_update
packet	play	serverbound	9	minecraft:chunk_batch_received
packet	play	serverbound	10	minecraft:client_command
packet	play	serverbound	11	minecraft:client_tick_end
packet	play	serverbound	12	minecraft:client_information
packet	play	serverbound	13	minecraft:command_suggestion
packet	play	serverbound	14	minecraft:configuration_acknowledged
packet	play	serverbound	15	minecraft:container_button_click
packet	play	serverbound	16	minecraft:container_click
packet	play	serverbound	17	minecraft:container_close
packet	play	serverbound	18	minecraft:container_slot_state_changed
packet	play	serverbound	19	minecraft:cookie_response
packet	play	serverbound	20	minecraft:custom_payload
packet	play	serverbound	21	minecraft:debug_sample_subscription
packet	play	serverbound	22	minecraft:edit_book
packet	play	serverbound	23	minecraft:entity_tag_query
packet	play	serverbound	24	minecraft:interact
packet	play	serverbound	25	minecraft:jigsaw_generate
packet	play	serverbound	26	minecraft:keep_alive
packet	play	serverbound	27	minecraft:lock_difficulty
packet	play	serverbound	28	minecraft:move_player_pos
packet	play	serverbound	29	minecraft:move_player_pos_rot
packet	play	serverbound	30	minecraft:move_player_rot
packet	play	serverbound	31	minecraft:move_player_status_only
packet	play	serverbound	32	minecraft:move_vehicle
packet	play	serverbound	33	minecraft:paddle_boat
packet	play	serverbound	34	minecraft:pick_item_from_block
packet	play	serverbound	35	minecraft:pick_item_from_entity
packet	play	serverbound	36	minecraft:ping_request
packet	play	serverbound	37	minecraft:place_recipe
packet	play	serverbound	38	minecraft:player_abilities
packet	play	serverbound	39	minecraft:player_action
packet	play	serverbound	40	minecraft:player_command
packet	play	serverbound	41	minecraft:player_input
packet	play	serverbound	42	minecraft:player_loaded
packet	play	serverbound	43	minecraft:pong
packet	play	serverbound	44	minecraft:recipe_book_change_settings
packet	play	serverbound	45	minecraft:recipe_book_seen_recipe
packet	play	serverbound	46	minecraft:rename_item
packet	play	serverbound	47	minecraft:resource_pack
packet	play	serverbound	48	minecraft:seen_advancements
packet	play	serverbound	49	minecraft:select_trade
packet	play	serverbound	50	minecraft:set_beacon
packet	play	serverbound	51	minecraft:set_carried_item
packet	play	serverbound	52	minecraft:set_command_block
packet	play	serverbound	53	minecraft:set_command_minecart
packet	play	serverbound	54	minecraft:set_creative_mode_slot
packet	play	serverbound	55	minecraft:set_jigsaw_block
packet	play	serverbound	56	minecraft:set_structure_block
packet	play	serverbound	57	minecraft:set_test_block
packet	play	serverbound	58	minecraft:sign_update
packet	play	serverbound	59	minecraft:swing
packet	play	serverbound	60	minecraft:teleport_to_entity
packet	play	serverbound	61	minecraft:test_instance_block_action
packet	play	serverbound	62	minecraft:use_item_on
packet	play	serverbound	63	minecraft:use_item
packet	status	clientbound	0	minecraft:status_response
packet	status	clientbound	1	minecraft:pong_response
packet	status	serverbound	0	minecraft:status_request
packet	status	serverbound	1	minecraft:ping_request
registry	minecraft:attribute	0	minecraft:armor
registry	minecraft:attribute	1	minecraft:armor_toughness
registry	minecraft:attribute	2	minecraft:attack_damage
registry	minecraft:attribute	3	minecraft:attack_knockback
registry	minecraft:attribute	4	minecraft:attack_speed
registry	minecraft:attribute	5	minecraft:block_break_speed
registry	minecraft:attribute	6	minecraft:block_interaction_range
registry	minecraft:attribute	7	minecraft:burning_time
registry	minecraft:attribute	8	minecraft:explosion_knockback_resistance
registry	minecraft:attribute	9	minecraft:entity_interaction_range
registry	minecraft:attribute	10	minecraft:fall_damage_multiplier
registry	minecraft:attribute	11	minecraft:flying_speed
registry	minecraft:attribute	12	minecraft:follow_range
registry	minecraft:attribute	13	minecraft:gravity
registry	minecraft:attribute	14	minecraft:jump_strength
registry	minecraft:attribute	15	minecraft:knockback_resistance
registry	minecraft:attribute	16	minecraft:luck
registry	minecraft:attribute	17	minecraft:max_absorption
registry	minecraft:attribute	18	minecraft:max_health
registry	minecraft:attribute	19	minecraft:mining_efficiency
registry	minecraft:attribute	20	minecraft:movement_efficiency
registry	minecraft:attribute	21	minecraft:movement_speed
registry	minecraft:attribute	22	minecraft:oxygen_bonus
registry	minecraft:attribute	23	minecraft:safe_fall_distance
registry	minecraft:attribute	24	minecraft:scale
registry	minecraft:attribute	25	minecraft:sneaking_speed
registry	minecraft:attribute	26	minecraft:spawn_reinforcements
registry	minecraft:attribute	27	minecraft:step_height
registry	minecraft:attribute	28	minecraft:submerged_mining_speed
registry	minecraft:attribute	29	minecraft:sweeping_damage_ratio
registry	minecraft:attribute	30	minecraft:tempt_range
registry	minecraft:attribute	31	minecraft:water_movement_efficiency
registry	minecraft:block	0	minecraft:air
registry	minecraft:block	1	minecraft:stone
registry	minecraft:block	2	minecraft:granite
registry	minecraft:block	3	minecraft:polished_granite
registry	minecraft:block	4	minecraft:diorite
registry	minecraft:block	5	minecraft:polished_diorite
registry	minecraft:block	6	minecraft:andesite
registry	minecraft:block	7	minecraft:polished_andesite
registry	minecraft:block	8	minecraft:grass_block
registry	minecraft:block	9	minecraft:dirt
registry	minecraft:block	10	minecraft:coarse_dirt
registry	minecraft:block	11	minecraft:podzol
registry	minecraft:block	12	minecraft:cobblestone
registry	minecraft:block	13	minecraft:oak_planks
registry	minecraft:block	14	minecraft:spruce_planks
registry	minecraft:block	15	minecraft:birch_planks
registry	minecraft:block	16	minecraft:jungle_planks
registry	minecraft:block	17	minecraft:acacia_planks
registry	minecraft:block	18	minecraft:cherry_planks
registry	minecraft:block	19	minecraft:dark_oak_planks
registry	minecraft:block	20	minecraft:pale_oak_wood
registry	minecraft:block	21	minecraft:pale_oak_planks
registry	minecraft:block	22	minecraft:mangrove_planks
registry	minecraft:block	23	minecraft:bamboo_planks
registry	minecraft:block	24	minecraft:bamboo_mosaic
registry	minecraft:block	25	minecraft:oak_sapling
registry	minecraft:block	26	minecraft:spruce_sapling
registry	minecraft:block	27	minecraft:birch_sapling
registry	minecraft:block	28	minecraft:jungle_sapling
registry	minecraft:block	29	minecraft:acacia_sapling
registry	minecraft:block	30	minecraft:cherry_sapling
registry	minecraft:block	31	minecraft:dark_oak_sapling
registry	minecraft:block	32	minecraft:pale_oak_sapling
registry	minecraft:block	33	minecraft:mangrove_propagule
registry	minecraft:block	34	minecraft:bedrock
registry	minecraft:block	35	minecraft:water
registry	minecraft:block	36	minecraft:lava
registry	minecraft:block	37	minecraft:sand
registry	minecraft:block	38	minecraft:suspicious_sand
registry	minecraft:block	39	minecraft:red_sand
registry	minecraft:block	40	minecraft:gravel
registry	minecraft:block	41	minecraft:suspicious_gravel
registry	minecraft:block	42	minecraft:gold_ore
registry	minecraft:block	43	minecraft:deepslate_gold_ore
registry	minecraft:block	44	minecraft:iron_ore
registry	minecraft:block	45	minecraft:deepslate_iron_ore
registry	minecraft:block	46	minecraft:coal_ore
registry	minecraft:block	47	minecraft:deepslate_coal_ore
registry	minecraft:block	48	minecraft:nether_gold_ore
registry	minecraft:block	49	minecraft:oak_log
registry	minecraft:block	50	minecraft:spruce_log
registry	minecraft:block	51	minecraft:birch_log
registry	minecraft:block	52	minecraft:jungle_log
registry	minecraft:block	53	minecraft:acacia_log
registry	minecraft:block	54	minecraft:cherry_log
registry	minecraft:block	55	minecraft:dark_oak_log
registry	minecraft:block	56	minecraft:pale_oak_log
registry	minecraft:block	57	minecraft:mangrove_log
registry	minecraft:block	58	minecraft:mangrove_roots
registry	minecraft:block	59	minecraft:muddy_mangrove_roots
registry	minecraft:block	60	minecraft:bamboo_block
registry	minecraft:block	61	minecraft:stripped_spruce_log
registry	minecraft:block	62	minecraft:stripped_birch_log
registry	minecraft:block	63	minecraft:stripped_jungle_log
registry	minecraft:block	64	minecraft:stripped_acacia_log
registry	minecraft:block	65	minecraft:stripped_cherry_log
registry	minecraft:block	66	minecraft:stripped_dark_oak_log
registry	minecraft:block	67	minecraft:stripped_pale_oak_log
registry	minecraft:block	68	minecraft:stripped_oak_log
registry	minecraft:block	69	minecraft:stripped_mangrove_log
registry	minecraft:block	70	minecraft:stripped_bamboo_block
registry	minecraft:block	71	minecraft:oak_wood
registry	minecraft:block	72	minecraft:spruce_wood
registry	minecraft:block	73	minecraft:birch_wood
registry	minecraft:block	74	minecraft:jungle_wood
registry	minecraft:block	75	minecraft:acacia_wood
registry	minecraft:block	76	minecraft:cherry_wood
registry	minecraft:block	77	minecraft:dark_oak_wood
registry	minecraft:block	78	minecraft:mangrove_wood
registry	minecraft:block	79	minecraft:stripped_oak_wood
registry	minecraft:block	80	minecraft:stripped_spruce_wood
registry	minecraft:block	81	minecraft:stripped_birch_wood
registry	minecraft:block	82	minecraft:stripped_jungle_wood
registry	minecraft:block	83	minecraft:stripped_acacia_wood
registry	minecraft:block	84	minecraft:stripped_cherry_wood
registry	minecraft:block	85	minecraft:stripped_dark_oak_wood
registry	minecraft:block	86	minecraft:stripped_pale_oak_wood
registry	minecraft:block	87	minecraft:stripped_mangrove_wood
registry	minecraft:block	88	minecraft:oak_leaves
registry	minecraft:block	89	minecraft:spruce_leaves
registry	minecraft:block	90	minecraft:birch_leaves
registry	minecraft:block	91	minecraft:jungle_leaves
registry	minecraft:block	92	minecraft:acacia_leaves
registry	minecraft:block	93	minecraft:cherry_leaves
registry	minecraft:block	94	minecraft:dark_oak_leaves
registry	minecraft:block	95	minecraft:pale_oak_leaves
registry	minecraft:block	96	minecraft:mangrove_leaves
registry	minecraft:block	97	minecraft:azalea_leaves
registry	minecraft:block	98	minecraft:flowering_azalea_leaves
registry	minecraft:block	99	minecraft:sponge
registry	minecraft:block	100	minecraft:wet_sponge
registry	minecraft:block	101	minecraft:glass
registry	minecraft:block	102	minecraft:lapis_ore
registry	minecraft:block	103	minecraft:deepslate_lapis_ore
registry	minecraft:block	104	minecraft:lapis_block
registry	minecraft:block	105	minecraft:dispenser
registry	minecraft:block	106	minecraft:sandstone
registry	minecraft:block	107	minecraft:chiseled_sandstone
registry	minecraft:block	108	minecraft:cut_sandstone
registry	minecraft:block	109	minecraft:note_block
registry	minecraft:block	110	minecraft:white_bed
registry	minecraft:block	111	minecraft:orange_bed
registry	minecraft:block	112	minecraft:magenta_bed
registry	minecraft:block	113	minecraft:light_blue_bed
registry	minecraft:block	114	minecraft:yellow_bed
registry	minecraft:block	115	minecraft:lime_bed
registry	minecraft:block	116	minecraft:pink_bed
registry	minecraft:block	117	minecraft:gray_bed
registry	minecraft:block	118	minecraft:light_gray_bed
registry	minecraft:block	119	minecraft:cyan_bed
registry	minecraft:block	120	minecraft:purple_bed
registry	minecraft:block	121	minecraft:blue_bed
registry	minecraft:block	122	minecraft:brown_bed
registry	minecraft:block	123	minecraft:green_bed
registry	minecraft:block	124	minecraft:red_bed
registry	minecraft:block	125	minecraft:black_bed
registry	minecraft:block	126	minecraft:powered_rail
registry	minecraft:block	127	minecraft:detector_rail
registry	minecraft:block	128	minecraft:sticky_piston
registry	minecraft:block	129	minecraft:cobweb
registry	minecraft:block	130	minecraft:short_grass
registry	minecraft:block	131	minecraft:fern
registry	minecraft:block	132	minecraft:dead_bush
registry	minecraft:block	133	minecraft:bush
registry	minecraft:block	134	minecraft:short_dry_grass
registry	minecraft:block	135	minecraft:tall_dry_grass
registry	minecraft:block	136	minecraft:seagrass
registry	minecraft:block	137	minecraft:tall_seagrass
registry	minecraft:block	138	minecraft:piston
registry	minecraft:block	139	minecraft:piston_head
registry	minecraft:block	140	minecraft:white_wool
registry	minecraft:block	141	minecraft:orange_wool
registry	minecraft:block	142	minecraft:magenta_wool
registry	minecraft:block	143	minecraft:light_blue_wool
registry	minecraft:block	144	minecraft:yellow_wool
registry	minecraft:block	145	minecraft:lime_wool
registry	minecraft:block	146	minecraft:pink_wool
registry	minecraft:block	147	minecraft:gray_wool
registry	minecraft:block	148	minecraft:light_gray_wool
registry	minecraft:block	149	minecraft:cyan_wool
registry	minecraft:block	150	minecraft:purple_wool
registry	minecraft:block	151	minecraft:blue_wool
registry	minecraft:block	152	minecraft:brown_wool
registry	minecraft:block	153	minecraft:green_wool
registry	minecraft:block	154	minecraft:red_wool
registry	minecraft:block	155	minecraft:black_wool
registry	minecraft:block	156	minecraft:moving_piston
registry	minecraft:block	157	minecraft:dandelion
registry	minecraft:block	158	minecraft:torchflower
registry	minecraft:block	159	minecraft:poppy
registry	minecraft:block	160	minecraft:blue_orchid
registry	minecraft:block	161	minecraft:allium
registry	minecraft:block	162	minecraft:azure_bluet
registry	minecraft:block	163	minecraft:red_tulip
registry	minecraft:block	164	minecraft:orange_tulip
registry	minecraft:block	165	minecraft:white_tulip
registry	minecraft:block	166	minecraft:pink_tulip
registry	minecraft:block	167	minecraft:oxeye_daisy
registry	minecraft:block	168	minecraft:cornflower
registry	minecraft:block	169	minecraft:wither_rose
registry	minecraft:block	170	minecraft:lily_of_the_valley
registry	minecraft:block	171	minecraft:brown_mushroom
registry	minecraft:block	172	minecraft:red_mushroom
registry	minecraft:block	173	minecraft:gold_block
registry	minecraft:block	174	minecraft:iron_block
registry	minecraft:block	175	minecraft:bricks
registry	minecraft:block	176	minecraft:tnt
registry	minecraft:block	177	minecraft:bookshelf
registry	minecraft:block	178	minecraft:chiseled_bookshelf
registry	minecraft:block	179	minecraft:mossy_cobblestone
registry	minecraft:block	180	minecraft:obsidian
registry	minecraft:block	181	minecraft:torch
registry	minecraft:block	182	minecraft:wall_torch
registry	minecraft:block	183	minecraft:fire
registry	minecraft:block	184	minecraft:soul_fire
registry	minecraft:block	185	minecraft:spawner
registry	minecraft:block	186	minecraft:creaking_heart
registry	minecraft:block	187	minecraft:oak_stairs
registry	minecraft:block	188	minecraft:chest
registry	minecraft:block	189	minecraft:redstone_wire
registry	minecraft:block	190	minecraft:diamond_ore
registry	minecraft:block	191	minecraft:deepslate_diamond_ore
registry	minecraft:block	192	minecraft:diamond_block
registry	minecraft:block	193	minecraft:crafting_table
registry	minecraft:block	194	minecraft:wheat
registry	minecraft:block	195	minecraft:farmland
registry	minecraft:block	196	minecraft:furnace
registry	minecraft:block	197	minecraft:oak_sign
registry	minecraft:block	198	minecraft:spruce_sign
registry	minecraft:block	199	minecraft:birch_sign
registry	minecraft:block	200	minecraft:acacia_sign
registry	minecraft:block	201	minecraft:cherry_sign
registry	minecraft:block	202	minecraft:jungle_sign
registry	minecraft:block	203	minecraft:dark_oak_sign
registry	minecraft:block	204	minecraft:pale_oak_sign
registry	minecraft:block	205	minecraft:mangrove_sign
registry	minecraft:block	206	minecraft:bamboo_sign
registry	minecraft:block	207	minecraft:oak_door
registry	minecraft:block	208	minecraft:ladder
registry	minecraft:block	209	minecraft:rail
registry	minecraft:block	210	minecraft:cobblestone_stairs
registry	minecraft:block	211	minecraft:oak_wall_sign
registry	minecraft:block	212	minecraft:spruce_wall_sign
registry	minecraft:block	213	minecraft:birch_wall_sign
registry	minecraft:block	214	minecraft:acacia_wall_sign
registry	minecraft:block	215	minecraft:cherry_wall_sign
registry	minecraft:block	216	minecraft:jungle_wall_sign
registry	minecraft:block	217	minecraft:dark_oak_wall_sign
registry	minecraft:block	218	minecraft:pale_oak_wall_sign
registry	minecraft:block	219	minecraft:mangrove_wall_sign
registry	minecraft:block	220	minecraft:bamboo_wall_sign
registry	minecraft:block	221	minecraft:oak_hanging_sign
registry	minecraft:block	222	minecraft:spruce_hanging_sign
registry	minecraft:block	223	minecraft:birch_hanging_sign
registry	minecraft:block	224	minecraft:acacia_hanging_sign
registry	minecraft:block	225	minecraft:cherry_hanging_sign
registry	minecraft:block	226	minecraft:jungle_hanging_sign
registry	minecraft:block	227	minecraft:dark_oak_hanging_sign
registry	minecraft:block	228	minecraft:pale_oak_hanging_sign
registry	minecraft:block	229	minecraft:crimson_hanging_sign
registry	minecraft:block	230	minecraft:warped_hanging_sign
registry	minecraft:block	231	minecraft:mangrove_hanging_sign
registry	minecraft:block	232	minecraft:bamboo_hanging_sign
registry	minecraft:block	233	minecraft:oak_wall_hanging_sign
registry	minecraft:block	234	minecraft:spruce_wall_hanging_sign
registry	minecraft:block	235	minecraft:birch_wall_hanging_sign
registry	minecraft:block	236	minecraft:acacia_wall_hanging_sign
registry	minecraft:block	237	minecraft:cherry_wall_hanging_sign
registry	minecraft:block	238	minecraft:jungle_wall_hanging_sign
registry	minecraft:block	239	minecraft:dark_oak_wall_hanging_sign
registry	minecraft:block	240	minecraft:pale_oak_wall_hanging_sign
registry	minecraft:block	241	minecraft:mangrove_wall_hanging_sign
registry	minecraft:block	242	minecraft:crimson_wall_hanging_sign
registry	minecraft:block	243	minecraft:warped_wall_hanging_sign
registry	minecraft:block	244	minecraft:bamboo_wall_hanging_sign
registry	minecraft:block	245	minecraft:lever
registry	minecraft:block	246	minecraft:stone_pressure_plate
registry	minecraft:block	247	minecraft:iron_door
registry	minecraft:block	248	minecraft:oak_pressure_plate
registry	minecraft:block	249	minecraft:spruce_pressure_plate
registry	minecraft:block	250	minecraft:birch_pressure_plate
registry	minecraft:block	251	minecraft:jungle_pressure_plate
registry	minecraft:block	252	minecraft:acacia_pressure_plate
registry	minecraft:block	253	minecraft:cherry_pressure_plate
registry	minecraft:block	254	minecraft:dark_oak_pressure_plate
registry	minecraft:block	255	minecraft:pale_oak_pressure_plate
registry	minecraft:block	256	minecraft:mangrove_pressure_plate
registry	minecraft:block	257	minecraft:bamboo_pressure_plate
registry	minecraft:block	258	minecraft:redstone_ore
registry	minecraft:block	259	minecraft:deepslate_redstone_ore
registry	minecraft:block	260	minecraft:redstone_torch
registry	minecraft:block	261	minecraft:redstone_wall_torch
registry	minecraft:block	262	minecraft:stone_button
registry	minecraft:block	263	minecraft:snow
registry	minecraft:block	264	minecraft:ice
registry	minecraft:block	265	minecraft:snow_block
registry	minecraft:block	266	minecraft:cactus
registry	minecraft:block	267	minecraft:cactus_flower
registry	minecraft:block	268	minecraft:clay
registry	minecraft:block	269	minecraft:sugar_cane
registry	minecraft:block	270	minecraft:jukebox
registry	minecraft:block	271	minecraft:oak_fence
registry	minecraft:block	272	minecraft:netherrack
registry	minecraft:block	273	minecraft:soul_sand
registry	minecraft:block	274	minecraft:soul_soil
registry	minecraft:block	275	minecraft:basalt
registry	minecraft:block	276	minecraft:polished_basalt
registry	minecraft:block	277	minecraft:soul_torch
registry	minecraft:block	278	minecraft:soul_wall_torch
registry	minecraft:block	279	minecraft:glowstone
registry	minecraft:block	280	minecraft:nether_portal
registry	minecraft:block	281	minecraft:carved_pumpkin
registry	minecraft:block	282	minecraft:jack_o_lantern
registry	minecraft:block	283	minecraft:cake
registry	minecraft:block	284	minecraft:repeater
registry	minecraft:block	285	minecraft:white_stained_glass
registry	minecraft:block	286	minecraft:orange_stained_glass
registry	minecraft:block	287	minecraft:magenta_stained_glass
registry	minecraft:block	288	minecraft:light_blue_stained_glass
registry	minecraft:block	289	minecraft:yellow_stained_glass
registry	minecraft:block	290	minecraft:lime_stained_glass
registry	minecraft:block	291	minecraft:pink_stained_glass
registry	minecraft:block	292	minecraft:gray_stained_glass
registry	minecraft:block	293	minecraft:light_gray_stained_glass
registry	minecraft:block	294	minecraft:cyan_stained_glass
registry	minecraft:block	295	minecraft:purple_stained_glass
registry	minecraft:block	296	minecraft:blue_stained_glass
registry	minecraft:block	297	minecraft:brown_stained_glass
registry	minecraft:block	298	minecraft:green_stained_glass
registry	minecraft:block	299	minecraft:red_stained_glass
registry	minecraft:block	300	minecraft:black_stained_glass
registry	minecraft:block	301	minecraft:oak_trapdoor
registry	minecraft:block	302	minecraft:spruce_trapdoor
registry	minecraft:block	303	minecraft:birch_trapdoor
registry	minecraft:block	304	minecraft:jungle_trapdoor
registry	minecraft:block	305	minecraft:acacia_trapdoor
registry	minecraft:block	306	minecraft:cherry_trapdoor
registry	minecraft:block	307	minecraft:dark_oak_trapdoor
registry	minecraft:block	308	minecraft:pale_oak_trapdoor
registry	minecraft:block	309	minecraft:mangrove_trapdoor
registry	minecraft:block	310	minecraft:bamboo_trapdoor
registry	minecraft:block	311	minecraft:stone_bricks
registry	minecraft:block	312	minecraft:mossy_stone_bricks
registry	minecraft:block	313	minecraft:cracked_stone_bricks
registry	minecraft:block	314	minecraft:chiseled_stone_bricks
registry	minecraft:block	315	minecraft:packed_mud
registry	minecraft:block	316	minecraft:mud_bricks
registry	minecraft:block	317	minecraft:infested_stone
registry	minecraft:block	318	minecraft:infested_cobblestone
registry	minecraft:block	319	minecraft:infested_stone_bricks
registry	minecraft:block	320	minecraft:infested_mossy_stone_bricks
registry	minecraft:block	321	minecraft:infested_cracked_stone_bricks
registry	minecraft:block	322	minecraft:infested_chiseled_stone_bricks
registry	minecraft:block	323	minecraft:brown_mushroom_block
registry	minecraft:block	324	minecraft:red_mushroom_block
registry	minecraft:block	325	minecraft:mushroom_stem
registry	minecraft:block	326	minecraft:iron_bars
registry	minecraft:block	327	minecraft:chain
registry	minecraft:block	328	minecraft:glass_pane
registry	minecraft:block	329	minecraft:pumpkin
registry	minecraft:block	330	minecraft:melon
registry	minecraft:block	331	minecraft:attached_pumpkin_stem
registry	minecraft:block	332	minecraft:attached_melon_stem
registry	minecraft:block	333	minecraft:pumpkin_stem
registry	minecraft:block	334	minecraft:melon_stem
registry	minecraft:block	335	minecraft:vine
registry	minecraft:block	336	minecraft:glow_lichen
registry	minecraft:block	337	minecraft:resin_clump
registry	minecraft:block	338	minecraft:oak_fence_gate
registry	minecraft:block	339	minecraft:brick_stairs
registry	minecraft:block	340	minecraft:stone_brick_stairs
registry	minecraft:block	341	minecraft:mud_brick_stairs
registry	minecraft:block	342	minecraft:mycelium
registry	minecraft:block	343	minecraft:lily_pad
registry	minecraft:block	344	minecraft:resin_block
registry	minecraft:block	345	minecraft:resin_bricks
registry	minecraft:block	346	minecraft:resin_brick_stairs
registry	minecraft:block	347	minecraft:resin_brick_slab
registry	minecraft:block	348	minecraft:resin_brick_wall
registry	minecraft:block	349	minecraft:chiseled_resin_bricks
registry	minecraft:block	350	minecraft:nether_bricks
registry	minecraft:block	351	minecraft:nether_brick_fence
registry	minecraft:block	352	minecraft:nether_brick_stairs
registry	minecraft:block	353	minecraft:nether_wart
registry	minecraft:block	354	minecraft:enchanting_table
registry	minecraft:block	355	minecraft:brewing_stand
registry	minecraft:block	356	minecraft:cauldron
registry	minecraft:block	357	minecraft:water_cauldron
registry	minecraft:block	358	minecraft:lava_cauldron
registry	minecraft:block	359	minecraft:powder_snow_cauldron
registry	minecraft:block	360	minecraft:end_portal
registry	minecraft:block	361	minecraft:end_portal_frame
registry	minecraft:block	362	minecraft:end_stone
registry	minecraft:block	363	minecraft:dragon_egg
registry	minecraft:block	364	minecraft:redstone_lamp
registry	minecraft:block	365	minecraft:cocoa
registry	minecraft:block	366	minecraft:sandstone_stairs
registry	minecraft:block	367	minecraft:emerald_ore
registry	minecraft:block	368	minecraft:deepslate_emerald_ore
registry	minecraft:block	369	minecraft:ender_chest
registry	minecraft:block	370	minecraft:tripwire_hook
registry	minecraft:block	371	minecraft:tripwire
registry	minecraft:block	372	minecraft:emerald_block
registry	minecraft:block	373	minecraft:spruce_stairs
registry	minecraft:block	374	minecraft:birch_stairs
registry	minecraft:block	375	minecraft:jungle_stairs
registry	minecraft:block	376	minecraft:command_block
registry	minecraft:block	377	minecraft:beacon
registry	minecraft:block	378	minecraft:cobblestone_wall
registry	minecraft:block	379	minecraft:mossy_cobblestone_wall
registry	minecraft:block	380	minecraft:flower_pot
registry	minecraft:block	381	minecraft:potted_torchflower
registry	minecraft:block	382	minecraft:potted_oak_sapling
registry	minecraft:block	383	minecraft:potted_spruce_sapling
registry	minecraft:block	384	minecraft:potted_birch_sapling
registry	minecraft:block	385	minecraft:potted_jungle_sapling
registry	minecraft:block	386	minecraft:potted_acacia_sapling
registry	minecraft:block	387	minecraft:potted_cherry_sapling
registry	minecraft:block	388	minecraft:potted_dark_oak_sapling
registry	minecraft:block	389	minecraft:potted_pale_oak_sapling
registry	minecraft:block	390	minecraft:potted_mangrove_propagule
registry	minecraft:block	391	minecraft:potted_fern
registry	minecraft:block	392	minecraft:potted_dandelion
registry	minecraft:block	393	minecraft:potted_poppy
registry	minecraft:block	394	minecraft:potted_blue_orchid
registry	minecraft:block	395	minecraft:potted_allium
registry	minecraft:block	396	minecraft:potted_azure_bluet
registry	minecraft:block	397	minecraft:potted_red_tulip
registry	minecraft:block	398	minecraft:potted_orange_tulip
registry	minecraft:block	399	minecraft:potted_white_tulip
registry	minecraft:block	400	minecraft:potted_pink_tulip
registry	minecraft:block	401	minecraft:potted_oxeye_daisy
registry	minecraft:block	402	minecraft:potted_cornflower
registry	minecraft:block	403	minecraft:potted_lily_of_the_valley
registry	minecraft:block	404	minecraft:potted_wither_rose
registry	minecraft:block	405	minecraft:potted_red_mushroom
registry	minecraft:block	406	minecraft:potted_brown_mushroom
registry	minecraft:block	407	minecraft:potted_dead_bush
registry	minecraft:block	408	minecraft:potted_cactus
registry	minecraft:block	409	minecraft:carrots
registry	minecraft:block	410	minecraft:potatoes
registry	minecraft:block	411	minecraft:oak_button
registry	minecraft:block	412	minecraft:spruce_button
registry	minecraft:block	413	minecraft:birch_button
registry	minecraft:block	414	minecraft:jungle_button
registry	minecraft:block	415	minecraft:acacia_button
registry	minecraft:block	416	minecraft:cherry_button
registry	minecraft:block	417	minecraft:dark_oak_button
registry	minecraft:block	418	minecraft:pale_oak_button
registry	minecraft:block	419	minecraft:mangrove_button
registry	minecraft:block	420	minecraft:bamboo_button
registry	minecraft:block	421	minecraft:skeleton_skull
registry	minecraft:block	422	minecraft:skeleton_wall_skull
registry	minecraft:block	423	minecraft:wither_skeleton_skull
registry	minecraft:block	424	minecraft:wither_skeleton_wall_skull
registry	minecraft:block	425	minecraft:zombie_head
registry	minecraft:block	426	minecraft:zombie_wall_head
registry	minecraft:block	427	minecraft:player_head
registry	minecraft:block	428	minecraft:player_wall_head
registry	minecraft:block	429	minecraft:creeper_head
registry	minecraft:block	430	minecraft:creeper_wall_head
registry	minecraft:block	431	minecraft:dragon_head
registry	minecraft:block	432	minecraft:dragon_wall_head
registry	minecraft:block	433	minecraft:piglin_head
registry	minecraft:block	434	minecraft:piglin_wall_head
registry	minecraft:block	435	minecraft:anvil
registry	minecraft:block	436	minecraft:chipped_anvil
registry	minecraft:block	437	minecraft:damaged_anvil
registry	minecraft:block	438	minecraft:trapped_chest
registry	minecraft:block	439	minecraft:light_weighted_pressure_plate
registry	minecraft:block	440	minecraft:heavy_weighted_pressure_plate
registry	minecraft:block	441	minecraft:comparator
registry	minecraft:block	442	minecraft:daylight_detector
registry	minecraft:block	443	minecraft:redstone_block
registry	minecraft:block	444	minecraft:nether_quartz_ore
registry	minecraft:block	445	minecraft:hopper
registry	minecraft:block	446	minecraft:quartz_block
registry	minecraft:block	447	minecraft:chiseled_quartz_block
registry	minecraft:block	448	minecraft:quartz_pillar
registry	minecraft:block	449	minecraft:quartz_stairs
registry	minecraft:block	450	minecraft:activator_rail
registry	minecraft:block	451	minecraft:dropper
registry	minecraft:block	452	minecraft:white_terracotta
registry	minecraft:block	453	minecraft:orange_terracotta
registry	minecraft:block	454	minecraft:magenta_terracotta
registry	minecraft:block	455	minecraft:light_blue_terracotta
registry	minecraft:block	456	minecraft:yellow_terracotta
registry	minecraft:block	457	minecraft:lime_terracotta
registry	minecraft:block	458	minecraft:pink_terracotta
registry	minecraft:block	459	minecraft:gray_terracotta
registry	minecraft:block	460	minecraft:light_gray_terracotta
registry	minecraft:block	461	minecraft:cyan_terracotta
registry	minecraft:block	462	minecraft:purple_terracotta
registry	minecraft:block	463	minecraft:blue_terracotta
registry	minecraft:block	464	minecraft:brown_terracotta
registry	minecraft:block	465	minecraft:green_terracotta
registry	minecraft:block	466	minecraft:red_terracotta
registry	minecraft:block	467	minecraft:black_terracotta
registry	minecraft:block	468	minecraft:white_stained_glass_pane
registry	minecraft:block	469	minecraft:orange_stained_glass_pane
registry	minecraft:block	470	minecraft:magenta_stained_glass_pane
registry	minecraft:block	471	minecraft:light_blue_stained_glass_pane
registry	minecraft:block	472	minecraft:yellow_stained_glass_pane
registry	minecraft:block	473	minecraft:lime_stained_glass_pane
registry	minecraft:block	474	minecraft:pink_stained_glass_pane
registry	minecraft:block	475	minecraft:gray_stained_glass_pane
registry	minecraft:block	476	minecraft:light_gray_stained_glass_pane
registry	minecraft:block	477	minecraft:cyan_stained_glass_pane
registry	minecraft:block	478	minecraft:purple_stained_glass_pane
registry	minecraft:block	479	minecraft:blue_stained_glass_pane
registry	minecraft:block	480	minecraft:brown_stained_glass_pane
registry	minecraft:block	481	minecraft:green_stained_glass_pane
registry	minecraft:block	482	minecraft:red_stained_glass_pane
registry	minecraft:block	483	minecraft:black_stained_glass_pane
registry	minecraft:block	484	minecraft:acacia_stairs
registry	minecraft:block	485	minecraft:cherry_stairs
registry	minecraft:block	486	minecraft:dark_oak_stairs
registry	minecraft:block	487	minecraft:pale_oak_stairs
registry	minecraft:block	488	minecraft:mangrove_stairs
registry	minecraft:block	489	minecraft:bamboo_stairs
registry	minecraft:block	490	minecraft:bamboo_mosaic_stairs
registry	minecraft:block	491	minecraft:slime_block
registry	minecraft:block	492	minecraft:barrier
registry	minecraft:block	493	minecraft:light
registry	minecraft:block	494	minecraft:iron_trapdoor
registry	minecraft:block	495	minecraft:prismarine
registry	minecraft:block	496	minecraft:prismarine_bricks
registry	minecraft:block	497	minecraft:dark_prismarine
registry	minecraft:block	498	minecraft:prismarine_stairs
registry	minecraft:block	499	minecraft:prismarine_brick_stairs
registry	minecraft:block	500	minecraft:dark_prismarine_stairs
registry	minecraft:block	501	minecraft:prismarine_slab
registry	minecraft:block	502	minecraft:prismarine_brick_slab
registry	minecraft:block	503	minecraft:dark_prismarine_slab
registry	minecraft:block	504	minecraft:sea_lantern
registry	minecraft:block	505	minecraft:hay_block
registry	minecraft:block	506	minecraft:white_carpet
registry	minecraft:block	507	minecraft:orange_carpet
registry	minecraft:block	508	minecraft:magenta_carpet
registry	minecraft:block	509	minecraft:light_blue_carpet
registry	minecraft:block	510	minecraft:yellow_carpet
registry	minecraft:block	511	minecraft:lime_carpet
registry	minecraft:block	512	minecraft:pink_carpet
registry	minecraft:block	513	minecraft:gray_carpet
registry	minecraft:block	514	minecraft:light_gray_carpet
registry	minecraft:block	515	minecraft:cyan_carpet
registry	minecraft:block	516	minecraft:purple_carpet
registry	minecraft:block	517	minecraft:blue_carpet
registry	minecraft:block	518	minecraft:brown_carpet
registry	minecraft:block	519	minecraft:green_carpet
registry	minecraft:block	520	minecraft:red_carpet
registry	minecraft:block	521	minecraft:black_carpet
registry	minecraft:block	522	minecraft:terracotta
registry	minecraft:block	523	minecraft:coal_block
registry	minecraft:block	524	minecraft:packed_ice
registry	minecraft:block	525	minecraft:sunflower
registry	minecraft:block	526	minecraft:lilac
registry	minecraft:block	527	minecraft:rose_bush
registry	minecraft:block	528	minecraft:peony
registry	minecraft:block	529	minecraft:tall_grass
registry	minecraft:block	530	minecraft:large_fern
registry	minecraft:block	531	minecraft:white_banner
registry	minecraft:block	532	minecraft:orange_banner
registry	minecraft:block	533	minecraft:magenta_banner
registry	minecraft:block	534	minecraft:light_blue_banner
registry	minecraft:block	535	minecraft:yellow_banner
registry	minecraft:block	536	minecraft:lime_banner
registry	minecraft:block	537	minecraft:pink_banner
registry	minecraft:block	538	minecraft:gray_banner
registry	minecraft:block	539	minecraft:light_gray_banner
registry	minecraft:block	540	minecraft:cyan_banner
registry	minecraft:block	541	minecraft:purple_banner
registry	minecraft:block	542	minecraft:blue_banner
registry	minecraft:block	543	minecraft:brown_banner
registry	minecraft:block	544	minecraft:green_banner
registry	minecraft:block	545	minecraft:red_banner
registry	minecraft:block	546	minecraft:black_banner
registry	minecraft:block	547	minecraft:white_wall_banner
registry	minecraft:block	548	minecraft:orange_wall_banner
registry	minecraft:block	549	minecraft:magenta_wall_banner
registry	minecraft:block	550	minecraft:light_blue_wall_banner
registry	minecraft:block	551	minecraft:yellow_wall_banner
registry	minecraft:block	552	minecraft:lime_wall_banner
registry	minecraft:block	553	minecraft:pink_wall_banner
registry	minecraft:block	554	minecraft:gray_wall_banner
registry	minecraft:block	555	minecraft:light_gray_wall_banner
registry	minecraft:block	556	minecraft:cyan_wall_banner
registry	minecraft:block	557	minecraft:purple_wall_banner
registry	minecraft:block	558	minecraft:blue_wall_banner
registry	minecraft:block	559	minecraft:brown_wall_banner
registry	minecraft:block	560	minecraft:green_wall_banner
registry	minecraft:block	561	minecraft:red_wall_banner
registry	minecraft:block	562	minecraft:black_wall_banner
registry	minecraft:block	563	minecraft:red_sandstone
registry	minecraft:block	564	minecraft:chiseled_red_sandstone
registry	minecraft:block	565	minecraft:cut_red_sandstone
registry	minecraft:block	566	minecraft:red_sandstone_stairs
registry	minecraft:block	567	minecraft:oak_slab
registry	minecraft:block	568	minecraft:spruce_slab
registry	minecraft:block	569	minecraft:birch_slab
registry	minecraft:block	570	minecraft:jungle_slab
registry	minecraft:block	571	minecraft:acacia_slab
registry	minecraft:block	572	minecraft:cherry_slab
registry	minecraft:block	573	minecraft:dark_oak_slab
registry	minecraft:block	574	minecraft:pale_oak_slab
registry	minecraft:block	575	minecraft:mangrove_slab
registry	minecraft:block	576	minecraft:bamboo_slab
registry	minecraft:block	577	minecraft:bamboo_mosaic_slab
registry	minecraft:block	578	minecraft:stone_slab
registry	minecraft:block	579	minecraft:smooth_stone_slab
registry	minecraft:block	580	minecraft:sandstone_slab
registry	minecraft:block	581	minecraft:cut_sandstone_slab
registry	minecraft:block	582	minecraft:petrified_oak_slab
registry	minecraft:block	583	minecraft:cobblestone_slab
registry	minecraft:block	584	minecraft:brick_slab
registry	minecraft:block	585	minecraft:stone_brick_slab
registry	minecraft:block	586	minecraft:mud_brick_slab
registry	minecraft:block	587	minecraft:nether_brick_slab
registry	minecraft:block	588	minecraft:quartz_slab
registry	minecraft:block	589	minecraft:red_sandstone_slab
registry	minecraft:block	590	minecraft:cut_red_sandstone_slab
registry	minecraft:block	591	minecraft:purpur_slab
registry	minecraft:block	592	minecraft:smooth_stone
registry	minecraft:block	593	minecraft:smooth_sandstone
registry	minecraft:block	594	minecraft:smooth_quartz
registry	minecraft:block	595	minecraft:smooth_red_sandstone
registry	minecraft:block	596	minecraft:spruce_fence_gate
registry	minecraft:block	597	minecraft:birch_fence_gate
registry	minecraft:block	598	minecraft:jungle_fence_gate
registry	minecraft:block	599	minecraft:acacia_fence_gate
registry	minecraft:block	600	minecraft:cherry_fence_gate
registry	minecraft:block	601	minecraft:dark_oak_fence_gate
registry	minecraft:block	602	minecraft:pale_oak_fence_gate
registry	minecraft:block	603	minecraft:mangrove_fence_gate
registry	minecraft:block	604	minecraft:bamboo_fence_gate
registry	minecraft:block	605	minecraft:spruce_fence
registry	minecraft:block	606	minecraft:birch_fence
registry	minecraft:block	607	minecraft:jungle_fence
registry	minecraft:block	608	minecraft:acacia_fence
registry	minecraft:block	609	minecraft:cherry_fence
registry	minecraft:block	610	minecraft:dark_oak_fence
registry	minecraft:block	611	minecraft:pale_oak_fence
registry	minecraft:block	612	minecraft:mangrove_fence
registry	minecraft:block	613	minecraft:bamboo_fence
registry	minecraft:block	614	minecraft:spruce_door
registry	minecraft:block	615	minecraft:birch_door
registry	minecraft:block	616	minecraft:jungle_door
registry	minecraft:block	617	minecraft:acacia_door
registry	minecraft:block	618	minecraft:cherry_door
registry	minecraft:block	619	minecraft:dark_oak_door
registry	minecraft:block	620	minecraft:pale_oak_door
registry	minecraft:block	621	minecraft:mangrove_door
registry	minecraft:block	622	minecraft:bamboo_door
registry	minecraft:block	623	minecraft:end_rod
registry	minecraft:block	624	minecraft:chorus_plant
registry	minecraft:block	625	minecraft:chorus_flower
registry	minecraft:block	626	minecraft:purpur_block
registry	minecraft:block	627	minecraft:purpur_pillar
registry	minecraft:block	628	minecraft:purpur_stairs
registry	minecraft:block	629	minecraft:end_stone_bricks
registry	minecraft:block	630	minecraft:torchflower_crop
registry	minecraft:block	631	minecraft:pitcher_crop
registry	minecraft:block	632	minecraft:pitcher_plant
registry	minecraft:block	633	minecraft:beetroots
registry	minecraft:block	634	minecraft:dirt_path
registry	minecraft:block	635	minecraft:end_gateway
registry	minecraft:block	636	minecraft:repeating_command_block
registry	minecraft:block	637	minecraft:chain_command_block
registry	minecraft:block	638	minecraft:frosted_ice
registry	minecraft:block	639	minecraft:magma_block
registry	minecraft:block	640	minecraft:nether_wart_block
registry	minecraft:block	641	minecraft:red_nether_bricks
registry	minecraft:block	642	minecraft:bone_block
registry	minecraft:block	643	minecraft:structure_void
registry	minecraft:block	644	minecraft:observer
registry	minecraft:block	645	minecraft:shulker_box
registry	minecraft:block	646	minecraft:white_shulker_box
registry	minecraft:block	647	minecraft:orange_shulker_box
registry	minecraft:block	648	minecraft:magenta_shulker_box
registry	minecraft:block	649	minecraft:light_blue_shulker_box
registry	minecraft:block	650	minecraft:yellow_shulker_box
registry	minecraft:block	651	minecraft:lime_shulker_box
registry	minecraft:block	652	minecraft:pink_shulker_box
registry	minecraft:block	653	minecraft:gray_shulker_box
registry	minecraft:block	654	minecraft:light_gray_shulker_box
registry	minecraft:block	655	minecraft:cyan_shulker_box
registry	minecraft:block	656	minecraft:purple_shulker_box
registry	minecraft:block	657	minecraft:blue_shulker_box
registry	minecraft:block	658	minecraft:brown_shulker_box
registry	minecraft:block	659	minecraft:green_shulker_box
registry	minecraft:block	660	minecraft:red_shulker_box
registry	minecraft:block	661	minecraft:black_shulker_box
registry	minecraft:block	662	minecraft:white_glazed_terracotta
registry	minecraft:block	663	minecraft:orange_glazed_terracotta
registry	minecraft:block	664	minecraft:magenta_glazed_terracotta
registry	minecraft:block	665	minecraft:light_blue_glazed_terracotta
registry	minecraft:block	666	minecraft:yellow_glazed_terracotta
registry	minecraft:block	667	minecraft:lime_glazed_terracotta
registry	minecraft:block	668	minecraft:pink_glazed_terracotta
registry	minecraft:block	669	minecraft:gray_glazed_terracotta
registry	minecraft:block	670	minecraft:light_gray_glazed_terracotta
registry	minecraft:block	671	minecraft:cyan_glazed_terracotta
registry	minecraft:block	672	minecraft:purple_glazed_terracotta
registry	minecraft:block	673	minecraft:blue_glazed_terracotta
registry	minecraft:block	674	minecraft:brown_glazed_terracotta
registry	minecraft:block	675	minecraft:green_glazed_terracotta
registry	minecraft:block	676	minecraft:red_glazed_terracotta
registry	minecraft:block	677	minecraft:black_glazed_terracotta
registry	minecraft:block	678	minecraft:white_concrete
registry	minecraft:block	679	minecraft:orange_concrete
registry	minecraft:block	680	minecraft:magenta_concrete
registry	minecraft:block	681	minecraft:light_blue_concrete
registry	minecraft:block	682	minecraft:yellow_concrete
registry	minecraft:block	683	minecraft:lime_concrete
registry	minecraft:block	684	minecraft:pink_concrete
registry	minecraft:block	685	minecraft:gray_concrete
registry	minecraft:block	686	minecraft:light_gray_concrete
registry	minecraft:block	687	minecraft:cyan_concrete
registry	minecraft:block	688	minecraft:purple_concrete
registry	minecraft:block	689	minecraft:blue_concrete
registry	minecraft:block	690	minecraft:brown_concrete
registry	minecraft:block	691	minecraft:green_concrete
registry	minecraft:block	692	minecraft:red_concrete
registry	minecraft:block	693	minecraft:black_concrete
registry	minecraft:block	694	minecraft:white_concrete_powder
registry	minecraft:block	695	minecraft:orange_concrete_powder
registry	minecraft:block	696	minecraft:magenta_concrete_powder
registry	minecraft:block	697	minecraft:light_blue_concrete_powder
registry	minecraft:block	698	minecraft:yellow_concrete_powder
registry	minecraft:block	699	minecraft:lime_concrete_powder
registry	minecraft:block	700	minecraft:pink_concrete_powder
registry	minecraft:block	701	minecraft:gray_concrete_powder
registry	minecraft:block	702	minecraft:light_gray_concrete_powder
registry	minecraft:block	703	minecraft:cyan_concrete_powder
registry	minecraft:block	704	minecraft:purple_concrete_powder
registry	minecraft:block	705	minecraft:blue_concrete_powder
registry	minecraft:block	706	minecraft:brown_concrete_powder
registry	minecraft:block	707	minecraft:green_concrete_powder
registry	minecraft:block	708	minecraft:red_concrete_powder
registry	minecraft:block	709	minecraft:black_concrete_powder
registry	minecraft:block	710	minecraft:kelp
registry	minecraft:block	711	minecraft:kelp_plant
registry	minecraft:block	712	minecraft:dried_kelp_block
registry	minecraft:block	713	minecraft:turtle_egg
registry	minecraft:block	714	minecraft:sniffer_egg
registry	minecraft:block	715	minecraft:dead_tube_coral_block
registry	minecraft:block	716	minecraft:dead_brain_coral_block
registry	minecraft:block	717	minecraft:dead_bubble_coral_block
registry	minecraft:block	718	minecraft:dead_fire_coral_block
registry	minecraft:block	719	minecraft:dead_horn_coral_block
registry	minecraft:block	720	minecraft:tube_coral_block
registry	minecraft:block	721	minecraft:brain_coral_block
registry	minecraft:block	722	minecraft:bubble_coral_block
registry	minecraft:block	723	minecraft:fire_coral_block
registry	minecraft:block	724	minecraft:horn_coral_block
registry	minecraft:block	725	minecraft:dead_tube_coral
registry	minecraft:block	726	minecraft:dead_brain_coral
registry	minecraft:block	727	minecraft:dead_bubble_coral
registry	minecraft:block	728	minecraft:dead_fire_coral
registry	minecraft:block	729	minecraft:dead_horn_coral
registry	minecraft:block	730	minecraft:tube_coral
registry	minecraft:block	731	minecraft:brain_coral
registry	minecraft:block	732	minecraft:bubble_coral
registry	minecraft:block	733	minecraft:fire_coral
registry	minecraft:block	734	minecraft:horn_coral
registry	minecraft:block	735	minecraft:dead_tube_coral_fan
registry	minecraft:block	736	minecraft:dead_brain_coral_fan
registry	minecraft:block	737	minecraft:dead_bubble_coral_fan
registry	minecraft:block	738	minecraft:dead_fire_coral_fan
registry	minecraft:block	739	minecraft:dead_horn_coral_fan
registry	minecraft:block	740	minecraft:tube_coral_fan
registry	minecraft:block	741	minecraft:brain_coral_fan
registry	minecraft:block	742	minecraft:bubble_coral_fan
registry	minecraft:block	743	minecraft:fire_coral_fan
registry	minecraft:block	744	minecraft:horn_coral_fan
registry	minecraft:block	745	minecraft:dead_tube_coral_wall_fan
registry	minecraft:block	746	minecraft:dead_brain_coral_wall_fan
registry	minecraft:block	747	minecraft:dead_bubble_coral_wall_fan
registry	minecraft:block	748	minecraft:dead_fire_coral_wall_fan
registry	minecraft:block	749	minecraft:dead_horn_coral_wall_fan
registry	minecraft:block	750	minecraft:tube_coral_wall_fan
registry	minecraft:block	751	minecraft:brain_coral_wall_fan
registry	minecraft:block	752	minecraft:bubble_coral_wall_fan
registry	minecraft:block	753	minecraft:fire_coral_wall_fan
registry	minecraft:block	754	minecraft:horn_coral_wall_fan
registry	minecraft:block	755	minecraft:sea_pickle
registry	minecraft:block	756	minecraft:blue_ice
registry	minecraft:block	757	minecraft:conduit
registry	minecraft:block	758	minecraft:bamboo_sapling
registry	minecraft:block	759	minecraft:bamboo
registry	minecraft:block	760	minecraft:potted_bamboo
registry	minecraft:block	761	minecraft:void_air
registry	minecraft:block	762	minecraft:cave_air
registry	minecraft:block	763	minecraft:bubble_column
registry	minecraft:block	764	minecraft:polished_granite_stairs
registry	minecraft:block	765	minecraft:smooth_red_sandstone_stairs
registry	minecraft:block	766	minecraft:mossy_stone_brick_stairs
registry	minecraft:block	767	minecraft:polished_diorite_stairs
registry	minecraft:block	768	minecraft:mossy_cobblestone_stairs
registry	minecraft:block	769	minecraft:end_stone_brick_stairs
registry	minecraft:block	770	minecraft:stone_stairs
registry	minecraft:block	771	minecraft:smooth_sandstone_stairs
registry	minecraft:block	772	minecraft:smooth_quartz_stairs
registry	minecraft:block	773	minecraft:granite_stairs
registry	minecraft:block	774	minecraft:andesite_stairs
registry	minecraft:block	775	minecraft:red_nether_brick_stairs
registry	minecraft:block	776	minecraft:polished_andesite_stairs
registry	minecraft:block	777	minecraft:diorite_stairs
registry	minecraft:block	778	minecraft:polished_granite_slab
registry	minecraft:block	779	minecraft:smooth_red_sandstone_slab
registry	minecraft:block	780	minecraft:mossy_stone_brick_slab
registry	minecraft:block	781	minecraft:polished_diorite_slab
registry	minecraft:block	782	minecraft:mossy_cobblestone_slab
registry	minecraft:block	783	minecraft:end_stone_brick_slab
registry	minecraft:block	784	minecraft:smooth_sandstone_slab
registry	minecraft:block	785	minecraft:smooth_quartz_slab
registry	minecraft:block	786	minecraft:granite_slab
registry	minecraft:block	787	minecraft:andesite_slab
registry	minecraft:block	788	minecraft:red_nether_brick_slab
registry	minecraft:block	789	minecraft:polished_andesite_slab
registry	minecraft:block	790	minecraft:diorite_slab
registry	minecraft:block	791	minecraft:brick_wall
registry	minecraft:block	792	minecraft:prismarine_wall
registry	minecraft:block	793	minecraft:red_sandstone_wall
registry	minecraft:block	794	minecraft:mossy_stone_brick_wall
registry	minecraft:block	795	minecraft:granite_wall
registry	minecraft:block	796	minecraft:stone_brick_wall
registry	minecraft:block	797	minecraft:mud_brick_wall
registry	minecraft:block	798	minecraft:nether_brick_wall
registry	minecraft:block	799	minecraft:andesite_wall
registry	minecraft:block	800	minecraft:red_nether_brick_wall
registry	minecraft:block	801	minecraft:sandstone_wall
registry	minecraft:block	802	minecraft:end_stone_brick_wall
registry	minecraft:block	803	minecraft:diorite_wall
registry	minecraft:block	804	minecraft:scaffolding
registry	minecraft:block	805	minecraft:loom
registry	minecraft:block	806	minecraft:barrel
registry	minecraft:block	807	minecraft:smoker
registry	minecraft:block	808	minecraft:blast_furnace
registry	minecraft:block	809	minecraft:cartography_table
registry	minecraft:block	810	minecraft:fletching_table
registry	minecraft:block	811	minecraft:grindstone
registry	minecraft:block	812	minecraft:lectern
registry	minecraft:block	813	minecraft:smithing_table
registry	minecraft:block	814	minecraft:stonecutter
registry	minecraft:block	815	minecraft:bell
registry	minecraft:block	816	minecraft:lantern
registry	minecraft:block	817	minecraft:soul_lantern
registry	minecraft:block	818	minecraft:campfire
registry	minecraft:block	819	minecraft:soul_campfire
registry	minecraft:block	820	minecraft:sweet_berry_bush
registry	minecraft:block	821	minecraft:warped_stem
registry	minecraft:block	822	minecraft:stripped_warped_stem
registry	minecraft:block	823	minecraft:warped_hyphae
registry	minecraft:block	824	minecraft:stripped_warped_hyphae
registry	minecraft:block	825	minecraft:warped_nylium
registry	minecraft:block	826	minecraft:warped_fungus
registry	minecraft:block	827	minecraft:warped_wart_block
registry	minecraft:block	828	minecraft:warped_roots
registry	minecraft:block	829	minecraft:nether_sprouts
registry	minecraft:block	830	minecraft:crimson_stem
registry	minecraft:block	831	minecraft:stripped_crimson_stem
registry	minecraft:block	832	minecraft:crimson_hyphae
registry	minecraft:block	833	minecraft:stripped_crimson_hyphae
registry	minecraft:block	834	minecraft:crimson_nylium
registry	minecraft:block	835	minecraft:crimson_fungus
registry	minecraft:block	836	minecraft:shroomlight
registry	minecraft:block	837	minecraft:weeping_vines
registry	minecraft:block	838	minecraft:weeping_vines_plant
registry	minecraft:block	839	minecraft:twisting_vines
registry	minecraft:block	840	minecraft:twisting_vines_plant
registry	minecraft:block	841	minecraft:crimson_roots
registry	minecraft:block	842	minecraft:crimson_planks
registry	minecraft:block	843	minecraft:warped_planks
registry	minecraft:block	844	minecraft:crimson_slab
registry	minecraft:block	845	minecraft:warped_slab
registry	minecraft:block	846	minecraft:crimson_pressure_plate
registry	minecraft:block	847	minecraft:warped_pressure_plate
registry	minecraft:block	848	minecraft:crimson_fence
registry	minecraft:block	849	minecraft:warped_fence
registry	minecraft:block	850	minecraft:crimson_trapdoor
registry	minecraft:block	851	minecraft:warped_trapdoor
registry	minecraft:block	852	minecraft:crimson_fence_gate
registry	minecraft:block	853	minecraft:warped_fence_gate
registry	minecraft:block	854	minecraft:crimson_stairs
registry	minecraft:block	855	minecraft:warped_stairs
registry	minecraft:block	856	minecraft:crimson_button
registry	minecraft:block	857	minecraft:warped_button
registry	minecraft:block	858	minecraft:crimson_door
registry	minecraft:block	859	minecraft:warped_door
registry	minecraft:block	860	minecraft:crimson_sign
registry	minecraft:block	861	minecraft:warped_sign
registry	minecraft:block	862	minecraft:crimson_wall_sign
registry	minecraft:block	863	minecraft:warped_wall_sign
registry	minecraft:block	864	minecraft:structure_block
registry	minecraft:block	865	minecraft:jigsaw
registry	minecraft:block	866	minecraft:test_block
registry	minecraft:block	867	minecraft:test_instance_block
registry	minecraft:block	868	minecraft:composter
registry	minecraft:block	869	minecraft:target
registry	minecraft:block	870	minecraft:bee_nest
registry	minecraft:block	871	minecraft:beehive
registry	minecraft:block	872	minecraft:honey_block
registry	minecraft:block	873	minecraft:honeycomb_block
registry	minecraft:block	874	minecraft:netherite_block
registry	minecraft:block	875	minecraft:ancient_debris
registry	minecraft:block	876	minecraft:crying_obsidian
registry	minecraft:block	877	minecraft:respawn_anchor
registry	minecraft:block	878	minecraft:potted_crimson_fungus
registry	minecraft:block	879	minecraft:potted_warped_fungus
registry	minecraft:block	880	minecraft:potted_crimson_roots
registry	minecraft:block	881	minecraft:potted_warped_roots
registry	minecraft:block	882	minecraft:lodestone
registry	minecraft:block	883	minecraft:blackstone
registry	minecraft:block	884	minecraft:blackstone_stairs
registry	minecraft:block	885	minecraft:blackstone_wall
registry	minecraft:block	886	minecraft:blackstone_slab
registry	minecraft:block	887	minecraft:polished_blackstone
registry	minecraft:block	888	minecraft:polished_blackstone_bricks
registry	minecraft:block	889	minecraft:cracked_polished_blackstone_bricks
registry	minecraft:block	890	minecraft:chiseled_polished_blackstone
registry	minecraft:block	891	minecraft:polished_blackstone_brick_slab
registry	minecraft:block	892	minecraft:polished_blackstone_brick_stairs
registry	minecraft:block	893	minecraft:polished_blackstone_brick_wall
registry	minecraft:block	894	minecraft:gilded_blackstone
registry	minecraft:block	895	minecraft:polished_blackstone_stairs
registry	minecraft:block	896	minecraft:polished_blackstone_slab
registry	minecraft:block	897	minecraft:polished_blackstone_pressure_plate
registry	minecraft:block	898	minecraft:polished_blackstone_button
registry	minecraft:block	899	minecraft:polished_blackstone_wall
registry	minecraft:block	900	minecraft:chiseled_nether_bricks
registry	minecraft:block	901	minecraft:cracked_nether_bricks
registry	minecraft:block	902	minecraft:quartz_bricks
registry	minecraft:block	903	minecraft:candle
registry	minecraft:block	904	minecraft:white_candle
registry	minecraft:block	905	minecraft:orange_candle
registry	minecraft:block	906	minecraft:magenta_candle
registry	minecraft:block	907	minecraft:light_blue_candle
registry	minecraft:block	908	minecraft:yellow_candle
registry	minecraft:block	909	minecraft:lime_candle
registry	minecraft:block	910	minecraft:pink_candle
registry	minecraft:block	911	minecraft:gray_candle
registry	minecraft:block	912	minecraft:light_gray_candle
registry	minecraft:block	913	minecraft:cyan_candle
registry	minecraft:block	914	minecraft:purple_candle
registry	minecraft:block	915	minecraft:blue_candle
registry	minecraft:block	916	minecraft:brown_candle
registry	minecraft:block	917	minecraft:green_candle
registry	minecraft:block	918	minecraft:red_candle
registry	minecraft:block	919	minecraft:black_candle
registry	minecraft:block	920	minecraft:candle_cake
registry	minecraft:block	921	minecraft:white_candle_cake
registry	minecraft:block	922	minecraft:orange_candle_cake
registry	minecraft:block	923	minecraft:magenta_candle_cake
registry	minecraft:block	924	minecraft:light_blue_candle_cake
registry	minecraft:block	925	minecraft:yellow_candle_cake
registry	minecraft:block	926	minecraft:lime_candle_cake
registry	minecraft:block	927	minecraft:pink_candle_cake
registry	minecraft:block	928	minecraft:gray_candle_cake
registry	minecraft:block	929	minecraft:light_gray_candle_cake
registry	minecraft:block	930	minecraft:cyan_candle_cake
registry	minecraft:block	931	minecraft:purple_candle_cake
registry	minecraft:block	932	minecraft:blue_candle_cake
registry	minecraft:block	933	minecraft:brown_candle_cake
registry	minecraft:block	934	minecraft:green_candle_cake
registry	minecraft:block	935	minecraft:red_candle_cake
registry	minecraft:block	936	minecraft:black_candle_cake
registry	minecraft:block	937	minecraft:amethyst_block
registry	minecraft:block	938	minecraft:budding_amethyst
registry	minecraft:block	939	minecraft:amethyst_cluster
registry	minecraft:block	940	minecraft:large_amethyst_bud
registry	minecraft:block	941	minecraft:medium_amethyst_bud
registry	minecraft:block	942	minecraft:small_amethyst_bud
registry	minecraft:block	943	minecraft:tuff
registry	minecraft:block	944	minecraft:tuff_slab
registry	minecraft:block	945	minecraft:tuff_stairs
registry	minecraft:block	946	minecraft:tuff_wall
registry	minecraft:block	947	minecraft:polished_tuff
registry	minecraft:block	948	minecraft:polished_tuff_slab
registry	minecraft:block	949	minecraft:polished_tuff_stairs
registry	minecraft:block	950	minecraft:polished_tuff_wall
registry	minecraft:block	951	minecraft:chiseled_tuff
registry	minecraft:block	952	minecraft:tuff_bricks
registry	minecraft:block	953	minecraft:tuff_brick_slab
registry	minecraft:block	954	minecraft:tuff_brick_stairs
registry	minecraft:block	955	minecraft:tuff_brick_wall
registry	minecraft:block	956	minecraft:chiseled_tuff_bricks
registry	minecraft:block	957	minecraft:calcite
registry	minecraft:block	958	minecraft:tinted_glass
registry	minecraft:block	959	minecraft:powder_snow
registry	minecraft:block	960	minecraft:sculk_sensor
registry	minecraft:block	961	minecraft:calibrated_sculk_sensor
registry	minecraft:block	962	minecraft:sculk
registry	minecraft:block	963	minecraft:sculk_vein
registry	minecraft:block	964	minecraft:sculk_catalyst
registry	minecraft:block	965	minecraft:sculk_shrieker
registry	minecraft:block	966	minecraft:copper_block
registry	minecraft:block	967	minecraft:exposed_copper
registry	minecraft:block	968	minecraft:weathered_copper
registry	minecraft:block	969	minecraft:oxidized_copper
registry	minecraft:block	970	minecraft:copper_ore
registry	minecraft:block	971	minecraft:deepslate_copper_ore
registry	minecraft:block	972	minecraft:oxidized_cut_copper
registry	minecraft:block	973	minecraft:weathered_cut_copper
registry	minecraft:block	974	minecraft:exposed_cut_copper
registry	minecraft:block	975	minecraft:cut_copper
registry	minecraft:block	976	minecraft:oxidized_chiseled_copper
registry	minecraft:block	977	minecraft:weathered_chiseled_copper
registry	minecraft:block	978	minecraft:exposed_chiseled_copper
registry	minecraft:block	979	minecraft:chiseled_copper
registry	minecraft:block	980	minecraft:waxed_oxidized_chiseled_copper
registry	minecraft:block	981	minecraft:waxed_weathered_chiseled_copper
registry	minecraft:block	982	minecraft:waxed_exposed_chiseled_copper
registry	minecraft:block	983	minecraft:waxed_chiseled_copper
registry	minecraft:block	984	minecraft:oxidized_cut_copper_stairs
registry	minecraft:block	985	minecraft:weathered_cut_copper_stairs
registry	minecraft:block	986	minecraft:exposed_cut_copper_stairs
registry	minecraft:block	987	minecraft:cut_copper_stairs
registry	minecraft:block	988	minecraft:oxidized_cut_copper_slab
registry	minecraft:block	989	minecraft:weathered_cut_copper_slab
registry	minecraft:block	990	minecraft:exposed_cut_copper_slab
registry	minecraft:block	991	minecraft:cut_copper_slab
registry	minecraft:block	992	minecraft:waxed_copper_block
registry	minecraft:block	993	minecraft:waxed_weathered_copper
registry	minecraft:block	994	minecraft:waxed_exposed_copper
registry	minecraft:block	995	minecraft:waxed_oxidized_copper
registry	minecraft:block	996	minecraft:waxed_oxidized_cut_copper
registry	minecraft:block	997	minecraft:waxed_weathered_cut_copper
registry	minecraft:block	998	minecraft:waxed_exposed_cut_copper
registry	minecraft:block	999	minecraft:waxed_cut_copper
registry	minecraft:block	1000	minecraft:waxed_oxidized_cut_copper_stairs
registry	minecraft:block	1001	minecraft:waxed_weathered_cut_copper_stairs
registry	minecraft:block	1002	minecraft:waxed_exposed_cut_copper_stairs
registry	minecraft:block	1003	minecraft:waxed_cut_copper_stairs
registry	minecraft:block	1004	minecraft:waxed_oxidized_cut_copper_slab
registry	minecraft:block	1005	minecraft:waxed_weathered_cut_copper_slab
registry	minecraft:block	1006	minecraft:waxed_exposed_cut_copper_slab
registry	minecraft:block	1007	minecraft:waxed_cut_copper_slab
registry	minecraft:block	1008	minecraft:copper_door
registry	minecraft:block	1009	minecraft:exposed_copper_door
registry	minecraft:block	1010	minecraft:oxidized_copper_door
registry	minecraft:block	1011	minecraft:weathered_copper_door
registry	minecraft:block	1012	minecraft:waxed_copper_door
registry	minecraft:block	1013	minecraft:waxed_exposed_copper_door
registry	minecraft:block	1014	minecraft:waxed_oxidized_copper_door
registry	minecraft:block	1015	minecraft:waxed_weathered_copper_door
registry	minecraft:block	1016	minecraft:copper_trapdoor
registry	minecraft:block	1017	minecraft:exposed_copper_trapdoor
registry	minecraft:block	1018	minecraft:oxidized_copper_trapdoor
registry	minecraft:block	1019	minecraft:weathered_copper_trapdoor
registry	minecraft:block	1020	minecraft:waxed_copper_trapdoor
registry	minecraft:block	1021	minecraft:waxed_exposed_copper_trapdoor
registry	minecraft:block	1022	minecraft:waxed_oxidized_copper_trapdoor
registry	minecraft:block	1023	minecraft:waxed_weathered_copper_trapdoor
registry	minecraft:block	1024	minecraft:copper_grate
registry	minecraft:block	1025	minecraft:exposed_copper_grate
registry	minecraft:block	1026	minecraft:weathered_copper_grate
registry	minecraft:block	1027	minecraft:oxidized_copper_grate
registry	minecraft:block	1028	minecraft:waxed_copper_grate
registry	minecraft:block	1029	minecraft:waxed_exposed_copper_grate
registry	minecraft:block	1030	minecraft:waxed_weathered_copper_grate
registry	minecraft:block	1031	minecraft:waxed_oxidized_copper_grate
registry	minecraft:block	1032	minecraft:copper_bulb
registry	minecraft:block	1033	minecraft:exposed_copper_bulb
registry	minecraft:block	1034	minecraft:weathered_copper_bulb
registry	minecraft:block	1035	minecraft:oxidized_copper_bulb
registry	minecraft:block	1036	minecraft:waxed_copper_bulb
registry	minecraft:block	1037	minecraft:waxed_exposed_copper_bulb
registry	minecraft:block	1038	minecraft:waxed_weathered_copper_bulb
registry	minecraft:block	1039	minecraft:waxed_oxidized_copper_bulb
registry	minecraft:block	1040	minecraft:lightning_rod
registry	minecraft:block	1041	minecraft:pointed_dripstone
registry	minecraft:block	1042	minecraft:dripstone_block
registry	minecraft:block	1043	minecraft:cave_vines
registry	minecraft:block	1044	minecraft:cave_vines_plant
registry	minecraft:block	1045	minecraft:spore_blossom
registry	minecraft:block	1046	minecraft:azalea
registry	minecraft:block	1047	minecraft:flowering_azalea
registry	minecraft:block	1048	minecraft:moss_carpet
registry	minecraft:block	1049	minecraft:pink_petals
registry	minecraft:block	1050	minecraft:wildflowers
registry	minecraft:block	1051	minecraft:leaf_litter
registry	minecraft:block	1052	minecraft:moss_block
registry	minecraft:block	1053	minecraft:big_dripleaf
registry	minecraft:block	1054	minecraft:big_dripleaf_stem
registry	minecraft:block	1055	minecraft:small_dripleaf
registry	minecraft:block	1056	minecraft:hanging_roots
registry	minecraft:block	1057	minecraft:rooted_dirt
registry	minecraft:block	1058	minecraft:mud
registry	minecraft:block	1059	minecraft:deepslate
registry	minecraft:block	1060	minecraft:cobbled_deepslate
registry	minecraft:block	1061	minecraft:cobbled_deepslate_stairs
registry	minecraft:block	1062	minecraft:cobbled_deepslate_slab
registry	minecraft:block	1063	minecraft:cobbled_deepslate_wall
registry	minecraft:block	1064	minecraft:polished_deepslate
registry	minecraft:block	1065	minecraft:polished_deepslate_stairs
registry	minecraft:block	1066	minecraft:polished_deepslate_slab
registry	minecraft:block	1067	minecraft:polished_deepslate_wall
registry	minecraft:block	1068	minecraft:deepslate_tiles
registry	minecraft:block	1069	minecraft:deepslate_tile_stairs
registry	minecraft:block	1070	minecraft:deepslate_tile_slab
registry	minecraft:block	1071	minecraft:deepslate_tile_wall
registry	minecraft:block	1072	minecraft:deepslate_bricks
registry	minecraft:block	1073	minecraft:deepslate_brick_stairs
registry	minecraft:block	1074	minecraft:deepslate_brick_slab
registry	minecraft:block	1075	minecraft:deepslate_brick_wall
registry	minecraft:block	1076	minecraft:chiseled_deepslate
registry	minecraft:block	1077	minecraft:cracked_deepslate_bricks
registry	minecraft:block	1078	minecraft:cracked_deepslate_tiles
registry	minecraft:block	1079	minecraft:infested_deepslate
registry	minecraft:block	1080	minecraft:smooth_basalt
registry	minecraft:block	1081	minecraft:raw_iron_block
registry	minecraft:block	1082	minecraft:raw_copper_block
registry	minecraft:block	1083	minecraft:raw_gold_block
registry	minecraft:block	1084	minecraft:potted_azalea_bush
registry	minecraft:block	1085	minecraft:potted_flowering_azalea_bush
registry	minecraft:block	1086	minecraft:ochre_froglight
registry	minecraft:block	1087	minecraft:verdant_froglight
registry	minecraft:block	1088	minecraft:pearlescent_froglight
registry	minecraft:block	1089	minecraft:frogspawn
registry	minecraft:block	1090	minecraft:reinforced_deepslate
registry	minecraft:block	1091	minecraft:decorated_pot
registry	minecraft:block	1092	minecraft:crafter
registry	minecraft:block	1093	minecraft:trial_spawner
registry	minecraft:block	1094	minecraft:vault
registry	minecraft:block	1095	minecraft:heavy_core
registry	minecraft:block	1096	minecraft:pale_moss_block
registry	minecraft:block	1097	minecraft:pale_moss_carpet
registry	minecraft:block	1098	minecraft:pale_hanging_moss
registry	minecraft:block	1099	minecraft:open_eyeblossom
registry	minecraft:block	1100	minecraft:closed_eyeblossom
registry	minecraft:block	1101	minecraft:potted_open_eyeblossom
registry	minecraft:block	1102	minecraft:potted_closed_eyeblossom
registry	minecraft:block	1103	minecraft:firefly_bush
registry	minecraft:entity_type	0	minecraft:acacia_boat
registry	minecraft:entity_type	1	minecraft:acacia_chest_boat
registry	minecraft:entity_type	2	minecraft:allay
registry	minecraft:entity_type	3	minecraft:area_effect_cloud
registry	minecraft:entity_type	4	minecraft:armadillo
registry	minecraft:entity_type	5	minecraft:armor_stand
registry	minecraft:entity_type	6	minecraft:arrow
registry	minecraft:entity_type	7	minecraft:axolotl
registry	minecraft:entity_type	8	minecraft:bamboo_chest_raft
registry	minecraft:entity_type	9	minecraft:bamboo_raft
registry	minecraft:entity_type	10	minecraft:bat
registry	minecraft:entity_type	11	minecraft:bee
registry	minecraft:entity_type	12	minecraft:birch_boat
registry	minecraft:entity_type	13	minecraft:birch_chest_boat
registry	minecraft:entity_type	14	minecraft:blaze
registry	minecraft:entity_type	15	minecraft:block_display
registry	minecraft:entity_type	16	minecraft:bogged
registry	minecraft:entity_type	17	minecraft:breeze
registry	minecraft:entity_type	18	minecraft:breeze_wind_charge
registry	minecraft:entity_type	19	minecraft:camel
registry	minecraft:entity_type	20	minecraft:cat
registry	minecraft:entity_type	21	minecraft:cave_spider
registry	minecraft:entity_type	22	minecraft:cherry_boat
registry	minecraft:entity_type	23	minecraft:cherry_chest_boat
registry	minecraft:entity_type	24	minecraft:chest_minecart
registry	minecraft:entity_type	25	minecraft:chicken
registry	minecraft:entity_type	26	minecraft:cod
registry	minecraft:entity_type	27	minecraft:command_block_minecart
registry	minecraft:entity_type	28	minecraft:cow
registry	minecraft:entity_type	29	minecraft:creaking
registry	minecraft:entity_type	30	minecraft:creeper
registry	minecraft:entity_type	31	minecraft:dark_oak_boat
registry	minecraft:entity_type	32	minecraft:dark_oak_chest_boat
registry	minecraft:entity_type	33	minecraft:dolphin
registry	minecraft:entity_type	34	minecraft:donkey
registry	minecraft:entity_type	35	minecraft:dragon_fireball
registry	minecraft:entity_type	36	minecraft:drowned
registry	minecraft:entity_type	37	minecraft:egg
registry	minecraft:entity_type	38	minecraft:elder_guardian
registry	minecraft:entity_type	39	minecraft:enderman
registry	minecraft:entity_type	40	minecraft:endermite
registry	minecraft:entity_type	41	minecraft:ender_dragon
registry	minecraft:entity_type	42	minecraft:ender_pearl
registry	minecraft:entity_type	43	minecraft:end_crystal
registry	minecraft:entity_type	44	minecraft:evoker
registry	minecraft:entity_type	45	minecraft:evoker_fangs
registry	minecraft:entity_type	46	minecraft:experience_bottle
registry	minecraft:entity_type	47	minecraft:experience_orb
registry	minecraft:entity_type	48	minecraft:eye_of_ender
registry	minecraft:entity_type	49	minecraft:falling_block
registry	minecraft:entity_type	50	minecraft:fireball
registry	minecraft:entity_type	51	minecraft:firework_rocket
registry	minecraft:entity_type	52	minecraft:fox
registry	minecraft:entity_type	53	minecraft:frog
registry	minecraft:entity_type	54	minecraft:furnace_minecart
registry	minecraft:entity_type	55	minecraft:ghast
registry	minecraft:entity_type	56	minecraft:giant
registry	minecraft:entity_type	57	minecraft:glow_item_frame
registry	minecraft:entity_type	58	minecraft:glow_squid
registry	minecraft:entity_type	59	minecraft:goat
registry	minecraft:entity_type	60	minecraft:guardian
registry	minecraft:entity_type	61	minecraft:hoglin
registry	minecraft:entity_type	62	minecraft:hopper_minecart
registry	minecraft:entity_type	63	minecraft:horse
registry	minecraft:entity_type	64	minecraft:husk
registry	minecraft:entity_type	65	minecraft:illusioner
registry	minecraft:entity_type	66	minecraft:interaction
registry	minecraft:entity_type	67	minecraft:iron_golem
registry	minecraft:entity_type	68	minecraft:item
registry	minecraft:entity_type	69	minecraft:item_display
registry	minecraft:entity_type	70	minecraft:item_frame
registry	minecraft:entity_type	71	minecraft:jungle_boat
registry	minecraft:entity_type	72	minecraft:jungle_chest_boat
registry	minecraft:entity_type	73	minecraft:leash_knot
registry	minecraft:entity_type	74	minecraft:lightning_bolt
registry	minecraft:entity_type	75	minecraft:llama
registry	minecraft:entity_type	76	minecraft:llama_spit
registry	minecraft:entity_type	77	minecraft:magma_cube
registry	minecraft:entity_type	78	minecraft:mangrove_boat
registry	minecraft:entity_type	79	minecraft:mangrove_chest_boat
registry	minecraft:entity_type	80	minecraft:marker
registry	minecraft:entity_type	81	minecraft:minecart
registry	minecraft:entity_type	82	minecraft:mooshroom
registry	minecraft:entity_type	83	minecraft:mule
registry	minecraft:entity_type	84	minecraft:oak_boat
registry	minecraft:entity_type	85	minecraft:oak_chest_boat
registry	minecraft:entity_type	86	minecraft:ocelot
registry	minecraft:entity_type	87	minecraft:ominous_item_spawner
registry	minecraft:entity_type	88	minecraft:painting
registry	minecraft:entity_type	89	minecraft:pale_oak_boat
registry	minecraft:entity_type	90	minecraft:pale_oak_chest_boat
registry	minecraft:entity_type	91	minecraft:panda
registry	minecraft:entity_type	92	minecraft:parrot
registry	minecraft:entity_type	93	minecraft:phantom
registry	minecraft:entity_type	94	minecraft:pig
registry	minecraft:entity_type	95	minecraft:piglin
registry	minecraft:entity_type	96	minecraft:piglin_brute
registry	minecraft:entity_type	97	minecraft:pillager
registry	minecraft:entity_type	98	minecraft:polar_bear
registry	minecraft:entity_type	99	minecraft:splash_potion
registry	minecraft:entity_type	100	minecraft:lingering_potion
registry	minecraft:entity_type	101	minecraft:pufferfish
registry	minecraft:entity_type	102	minecraft:rabbit
registry	minecraft:entity_type	103	minecraft:ravager
registry	minecraft:entity_type	104	minecraft:salmon
registry	minecraft:entity_type	105	minecraft:sheep
registry	minecraft:entity_type	106	minecraft:shulker
registry	minecraft:entity_type	107	minecraft:shulker_bullet
registry	minecraft:entity_type	108	minecraft:silverfish
registry	minecraft:entity_type	109	minecraft:skeleton
registry	minecraft:entity_type	110	minecraft:skeleton_horse
registry	minecraft:entity_type	111	minecraft:slime
registry	minecraft:entity_type	112	minecraft:small_fireball
registry	minecraft:entity_type	113	minecraft:sniffer
registry	minecraft:entity_type	114	minecraft:snowball
registry	minecraft:entity_type	115	minecraft:snow_golem
registry	minecraft:entity_type	116	minecraft:spawner_minecart
registry	minecraft:entity_type	117	minecraft:spectral_arrow
registry	minecraft:entity_type	118	minecraft:spider
registry	minecraft:entity_type	119	minecraft:spruce_boat
registry	minecraft:entity_type	120	minecraft:spruce_chest_boat
registry	minecraft:entity_type	121	minecraft:squid
registry	minecraft:entity_type	122	minecraft:stray
registry	minecraft:entity_type	123	minecraft:strider
registry	minecraft:entity_type	124	minecraft:tadpole
registry	minecraft:entity_type	125	minecraft:text_display
registry	minecraft:entity_type	126	minecraft:tnt
registry	minecraft:entity_type	127	minecraft:tnt_minecart
registry	minecraft:entity_type	128	minecraft:trader_llama
registry	minecraft:entity_type	129	minecraft:trident
registry	minecraft:entity_type	130	minecraft:tropical_fish
registry	minecraft:entity_type	131	minecraft:turtle
registry	minecraft:entity_type	132	minecraft:vex
registry	minecraft:entity_type	133	minecraft:villager
registry	minecraft:entity_type	134	minecraft:vindicator
registry	minecraft:entity_type	135	minecraft:wandering_trader
registry	minecraft:entity_type	136	minecraft:warden
registry	minecraft:entity_type	137	minecraft:wind_charge
registry	minecraft:entity_type	138	minecraft:witch
registry	minecraft:entity_type	139	minecraft:wither
registry	minecraft:entity_type	140	minecraft:wither_skeleton
registry	minecraft:entity_type	141	minecraft:wither_skull
registry	minecraft:entity_type	142	minecraft:wolf
registry	minecraft:entity_type	143	minecraft:zoglin
registry	minecraft:entity_type	144	minecraft:zombie
registry	minecraft:entity_type	145	minecraft:zombie_horse
registry	minecraft:entity_type	146	minecraft:zombie_villager
registry	minecraft:entity_type	147	minecraft:zombified_piglin
registry	minecraft:entity_type	148	minecraft:player
registry	minecraft:entity_type	149	minecraft:fishing_bobber
registry	minecraft:mob_effect	0	minecraft:speed
registry	minecraft:mob_effect	1	minecraft:slowness
registry	minecraft:mob_effect	2	minecraft:haste
registry	minecraft:mob_effect	3	minecraft:mining_fatigue
registry	minecraft:mob_effect	4	minecraft:strength
registry	minecraft:mob_effect	5	minecraft:instant_health
registry	minecraft:mob_effect	6	minecraft:instant_damage
registry	minecraft:mob_effect	7	minecraft:jump_boost
registry	minecraft:mob_effect	8	minecraft:nausea
registry	minecraft:mob_effect	9	minecraft:regeneration
registry	minecraft:mob_effect	10	minecraft:resistance
registry	minecraft:mob_effect	11	minecraft:fire_resistance
registry	minecraft:mob_effect	12	minecraft:water_breathing
registry	minecraft:mob_effect	13	minecraft:invisibility
registry	minecraft:mob_effect	14	minecraft:blindness
registry	minecraft:mob_effect	15	minecraft:night_vision
registry	minecraft:mob_effect	16	minecraft:hunger
registry	minecraft:mob_effect	17	minecraft:weakness
registry	minecraft:mob_effect	18	minecraft:poison
registry	minecraft:mob_effect	19	minecraft:wither
registry	minecraft:mob_effect	20	minecraft:health_boost
registry	minecraft:mob_effect	21	minecraft:absorption
registry	minecraft:mob_effect	22	minecraft:saturation
registry	minecraft:mob_effect	23	minecraft:glowing
registry	minecraft:mob_effect	24	minecraft:levitation
registry	minecraft:mob_effect	25	minecraft:luck
registry	minecraft:mob_effect	26	minecraft:unluck
registry	minecraft:mob_effect	27	minecraft:slow_falling
registry	minecraft:mob_effect	28	minecraft:conduit_power
registry	minecraft:mob_effect	29	minecraft:dolphins_grace
registry	minecraft:mob_effect	30	minecraft:bad_omen
registry	minecraft:mob_effect	31	minecraft:hero_of_the_village
registry	minecraft:mob_effect	32	minecraft:darkness
registry	minecraft:mob_effect	33	minecraft:trial_omen
registry	minecraft:mob_effect	34	minecraft:raid_omen
registry	minecraft:mob_effect	35	minecraft:wind_charged
registry	minecraft:mob_effect	36	minecraft:weaving
registry	minecraft:mob_effect	37	minecraft:oozing
registry	minecraft:mob_effect	38	minecraft:infested
registry	minecraft:menu	0	minecraft:generic_9x1
registry	minecraft:menu	1	minecraft:generic_9x2
registry	minecraft:menu	2	minecraft:generic_9x3
registry	minecraft:menu	3	minecraft:generic_9x4
registry	minecraft:menu	4	minecraft:generic_9x5
registry	minecraft:menu	5	minecraft:generic_9x6
registry	minecraft:menu	6	minecraft:generic_3x3
registry	minecraft:menu	7	minecraft:crafter_3x3
registry	minecraft:menu	8	minecraft:anvil
registry	minecraft:menu	9	minecraft:beacon
registry	minecraft:menu	10	minecraft:blast_furnace
registry	minecraft:menu	11	minecraft:brewing_stand
registry	minecraft:menu	12	minecraft:crafting
registry	minecraft:menu	13	minecraft:enchantment
registry	minecraft:menu	14	minecraft:furnace
registry	minecraft:menu	15	minecraft:grindstone
registry	minecraft:menu	16	minecraft:hopper
registry	minecraft:menu	17	minecraft:lectern
registry	minecraft:menu	18	minecraft:loom
registry	minecraft:menu	19	minecraft:merchant
registry	minecraft:menu	20	minecraft:shulker_box
registry	minecraft:menu	21	minecraft:smithing
registry	minecraft:menu	22	minecraft:smoker
registry	minecraft:menu	23	minecraft:cartography_table
registry	minecraft:menu	24	minecraft:stonecutter
