# vanilla family	placement assignments	support rule	client use result	own signal	update from	direct signal face
AnvilBlock	facing=horizontal_clockwise	-	SUCCESS	0	NONE	NONE
BarrelBlock	facing=look_opposite	-	SUCCESS	0	NONE	NONE
ChiseledBookShelfBlock	facing=horizontal_opposite	-	BOOKSHELF	0	NONE	NONE
GlazedTerracottaBlock	facing=horizontal_opposite	-	PASS	0	NONE	NONE
CarvedPumpkinBlock	facing=horizontal_opposite	-	PASS	0	NONE	NONE
LoomBlock	facing=horizontal_opposite	-	SUCCESS	0	NONE	NONE
StonecutterBlock	facing=horizontal_opposite	-	SUCCESS	0	NONE	NONE
AbstractFurnaceBlock	facing=horizontal_opposite	-	SUCCESS	0	NONE	NONE
DispenserBlock	facing=look_opposite	-	SUCCESS	0	NONE	NONE
EndPortalFrameBlock	facing=horizontal_opposite,eye=false	-	PASS	0	NONE	NONE
EnderChestBlock	facing=horizontal_opposite,waterlogged=water	-	SUCCESS	0	NONE	NONE
VaultBlock	facing=horizontal_opposite	-	VAULT	0	NONE	NONE
piston.PistonBaseBlock	facing=look_opposite,extended=false	-	PASS	0	NONE	NONE
RedstoneLampBlock	lit=powered	-	PASS	0	NONE	NONE
HeavyCoreBlock	waterlogged=water	-	PASS	0	NONE	NONE
WaterloggedTransparentBlock	waterlogged=water	-	PASS	0	NONE	NONE
MangroveRootsBlock	waterlogged=water	-	PASS	0	NONE	NONE
ConduitBlock	waterlogged=full_water	-	PASS	0	NONE	NONE
PoweredBlock	-	-	PASS	15	NONE	NONE
TargetBlock	-	-	PASS	power	NONE	NONE
DaylightDetectorBlock	-	-	DAYLIGHT	power	NONE	NONE
CraftingTableBlock	-	-	SUCCESS	0	NONE	NONE
CarpetBlock	-	non_air	PASS	0	ALL	NONE
AzaleaBlock	-	supports_azalea	PASS	0	ALL	NONE
NetherSproutsBlock	-	supports_nether_sprouts	PASS	0	ALL	NONE
WitherRoseBlock	-	supports_wither_rose	PASS	0	ALL	NONE
NetherWartBlock	-	supports_nether_wart	PASS	0	ALL	NONE
DryVegetationBlock	-	supports_dry_vegetation	PASS	0	ALL	NONE
NetherFungusBlock	-	@NetherFungusBlock.supportBlocks	PASS	0	ALL	NONE
NetherRootsBlock	-	@NetherRootsBlock.supportBlocks	PASS	0	ALL	NONE
StemBlock	-	@StemBlock.stemSupportBlocks	PASS	0	ALL	NONE
BannerBlock	rotation=yaw_plus_180	floor_solid	PASS	0	DOWN	NONE
WallBannerBlock	facing=wall_support	wall_solid	PASS	0	BEHIND	NONE
StandingSignBlock	rotation=yaw_plus_180,waterlogged=water	floor_solid	SIGN	0	DOWN	NONE
WallSignBlock	facing=wall_support,waterlogged=water	wall_solid	SIGN	0	BEHIND	NONE
AbstractSkullBlock	powered=powered	-	PASS	0	NONE	NONE
SkullBlock	powered=powered,rotation=yaw	-	PASS	0	NONE	NONE
WallSkullBlock	powered=powered,facing=wall_blocking	-	PASS	0	NONE	NONE
LadderBlock	facing=ladder_wall,waterlogged=water	wall_full	PASS	0	BEHIND	NONE
HangingRootsBlock	waterlogged=water	ceiling_full	PASS	0	UP	NONE
SporeBlossomBlock	-	ceiling_center_dry	PASS	0	UP	NONE
WallTorchBlock	facing=wall_support	wall_full	PASS	0	BEHIND	NONE
BaseTorchBlock	-	floor_center	PASS	0	DOWN	NONE
CommandBlock	facing=look_opposite	-	GAME_MASTER	0	NONE	NONE
JigsawBlock	orientation=clicked_orientation	-	GAME_MASTER	0	NONE	NONE
CrafterBlock	orientation=look_orientation,triggered=powered	-	SUCCESS	0	NONE	NONE
TestBlock	mode=block_state	-	GAME_MASTER	test_powered	NONE	NONE
StructureBlock	-	-	GAME_MASTER	0	NONE	NONE
TestInstanceBlock	-	-	GAME_MASTER	0	NONE	NONE
BeaconBlock	-	-	SUCCESS	0	NONE	NONE
BrewingStandBlock	-	-	SUCCESS	0	NONE	NONE
EnchantingTableBlock	-	-	SUCCESS	0	NONE	NONE
SculkShriekerBlock	waterlogged=water	-	PASS	0	NONE	NONE
RotatedPillarBlock	axis=clicked_axis	-	PASS	0	NONE	NONE
InfestedRotatedPillarBlock	axis=clicked_axis	-	PASS	0	NONE	NONE
ChainBlock	axis=clicked_axis,waterlogged=water	-	PASS	0	NONE	NONE
HopperBlock	facing=hopper_facing,enabled=true	-	SUCCESS	0	NONE	NONE
# The plan explicitly satisfies CropBlock's light clause; its remaining support rule is shared.
CropBlock	-	supports_crops	PASS	0	ALL	NONE
PressurePlateBlock	-	floor_plate	PASS	powered	DOWN	UP
WeightedPressurePlateBlock	-	floor_plate	PASS	power	DOWN	UP
BaseRailBlock	shape=rail_shape,waterlogged=water	floor_rigid	PASS	0	NONE	NONE
DetectorRailBlock	shape=rail_shape,waterlogged=water	floor_rigid	PASS	powered	NONE	UP
DragonEggBlock	-	-	SUCCESS	0	NONE	NONE
DriedGhastBlock	waterlogged=water,facing=horizontal_opposite	-	PASS	0	NONE	NONE
BaseCoralPlantTypeBlock	waterlogged=full_water	floor_full	PASS	0	DOWN	NONE
BaseCoralWallFanBlock	waterlogged=full_water,facing=wall_support	wall_full	PASS	0	BEHIND	NONE
AmethystClusterBlock	waterlogged=water,facing=clicked_face	wall_full	PASS	0	BEHIND	NONE
ShelfBlock	facing=horizontal_opposite,powered=powered,waterlogged=water	-	SHELF	0	NONE	NONE
EndRodBlock	facing=end_rod	-	PASS	0	NONE	NONE
RedstoneTorchBlock	-	floor_center	PASS	lit_except_up	DOWN	DOWN
RedstoneWallTorchBlock	facing=wall_support	wall_full	PASS	lit_except_facing	BEHIND	DOWN
PumpkinBlock	-	-	PUMPKIN	0	NONE	NONE
TntBlock	-	-	TNT	0	NONE	NONE
CartographyTableBlock	-	-	SUCCESS	0	NONE	NONE
SmithingTableBlock	-	-	SUCCESS	0	NONE	NONE
SweetBerryBushBlock	-	supports_vegetation	BERRIES	0	ALL	NONE
LightBlock	-	-	CONSUME	0	NONE	NONE
