id	key	category	width	height	eyeHeight	fixed	families	peaceful	features	passenger	vehicle	spawnScale	updateInterval
0	minecraft:acacia_boat	misc	1.375	0.5625	0.5625	false	32	true	minecraft:vanilla	0.0,0.5625,0.0	0.0,0.0,0.0	1.0	3
1	minecraft:acacia_chest_boat	misc	1.375	0.5625	0.5625	false	32	true	minecraft:vanilla	0.0,0.5625,0.0	0.0,0.0,0.0	1.0	3
2	minecraft:allay	creature	0.35	0.6	0.36	false	1	true	minecraft:vanilla	0.0,0.6000000238418579,0.0	0.0,-0.03999999910593033,0.0	1.0	2
3	minecraft:area_effect_cloud	misc	6.0	0.5	0.425	false	0	true	minecraft:vanilla	0.0,0.5,0.0	0.0,0.0,0.0	1.0	2147483647
4	minecraft:armadillo	creature	0.7	0.65	0.26	false	7	true	minecraft:vanilla	0.0,0.6499999761581421,0.0	0.0,0.0,0.0	1.0	3
5	minecraft:armor_stand	misc	0.5	1.975	1.7775	false	1	true	minecraft:vanilla	0.0,1.975000023841858,0.0	0.0,0.0,0.0	1.0	3
6	minecraft:arrow	misc	0.5	0.5	0.13	false	264	true	minecraft:vanilla	0.0,0.5,0.0	0.0,0.0,0.0	1.0	20
7	minecraft:axolotl	axolotls	0.75	0.42	0.2751	false	7	true	minecraft:vanilla	0.0,0.41999998688697815,0.0	0.0,0.0,0.0	1.0	3
8	minecraft:bamboo_chest_raft	misc	1.375	0.5625	0.5625	false	32	true	minecraft:vanilla	0.0,0.5625,0.0	0.0,0.0,0.0	1.0	3
9	minecraft:bamboo_raft	misc	1.375	0.5625	0.5625	false	32	true	minecraft:vanilla	0.0,0.5625,0.0	0.0,0.0,0.0	1.0	3
10	minecraft:bat	ambient	0.5	0.9	0.45	false	1	true	minecraft:vanilla	0.0,0.8999999761581421,0.0	0.0,0.0,0.0	1.0	3
11	minecraft:bee	creature	0.55	0.5	0.3	false	7	true	minecraft:vanilla	0.0,0.5,0.0	0.0,0.0,0.0	1.0	3
12	minecraft:birch_boat	misc	1.375	0.5625	0.5625	false	32	true	minecraft:vanilla	0.0,0.5625,0.0	0.0,0.0,0.0	1.0	3
13	minecraft:birch_chest_boat	misc	1.375	0.5625	0.5625	false	32	true	minecraft:vanilla	0.0,0.5625,0.0	0.0,0.0,0.0	1.0	3
14	minecraft:blaze	monster	0.6	1.8	1.53	false	1	false	minecraft:vanilla	0.0,1.7999999523162842,0.0	0.0,0.0,0.0	1.0	3
15	minecraft:block_display	misc	0.0	0.0	0.0	false	0	true	minecraft:vanilla	0.0,0.0,0.0	0.0,0.0,0.0	1.0	1
16	minecraft:bogged	monster	0.6	1.99	1.74	false	1	false	minecraft:vanilla	0.0,1.9900000095367432,0.0	0.0,0.699999988079071,0.0	1.0	3
17	minecraft:breeze	monster	0.6	1.77	1.3452	false	1	false	minecraft:vanilla	0.0,1.7699999809265137,0.0	0.0,0.0,0.0	1.0	3
18	minecraft:breeze_wind_charge	misc	0.3125	0.3125	0.0	false	8	true	minecraft:vanilla	0.0,0.3125,0.0	0.0,0.0,0.0	1.0	10
19	minecraft:camel	creature	1.7	2.375	2.275	false	23	true	minecraft:vanilla	0.0,2.375,0.0	0.0,0.0,0.0	1.0	3
20	minecraft:camel_husk	monster	1.7	2.375	2.275	false	23	true	minecraft:vanilla	0.0,2.375,0.0	0.0,0.0,0.0	1.0	3
21	minecraft:cat	creature	0.6	0.7	0.35	false	7	true	minecraft:vanilla	0.0,0.512499988079071,0.0	0.0,0.0,0.0	1.0	3
22	minecraft:cave_spider	monster	0.7	0.5	0.45	false	1	false	minecraft:vanilla	0.0,0.5,0.0	0.0,0.0,0.0	1.0	3
23	minecraft:cherry_boat	misc	1.375	0.5625	0.5625	false	32	true	minecraft:vanilla	0.0,0.5625,0.0	0.0,0.0,0.0	1.0	3
24	minecraft:cherry_chest_boat	misc	1.375	0.5625	0.5625	false	32	true	minecraft:vanilla	0.0,0.5625,0.0	0.0,0.0,0.0	1.0	3
25	minecraft:chest_minecart	misc	0.98	0.7	0.595	false	64	true	minecraft:vanilla	0.0,0.1875,0.0	0.0,0.0,0.0	1.0	3
26	minecraft:chicken	creature	0.4	0.7	0.644	false	7	true	minecraft:vanilla	0.0,0.7,-0.1	0.0,0.0,0.0	1.0	3
27	minecraft:cod	water_ambient	0.5	0.3	0.195	false	1	true	minecraft:vanilla	0.0,0.30000001192092896,0.0	0.0,0.0,0.0	1.0	3
28	minecraft:copper_golem	misc	0.49	0.98	0.8125	false	1	true	minecraft:vanilla	0.0,0.9800000190734863,0.0	0.0,0.0,0.0	1.0	3
29	minecraft:command_block_minecart	misc	0.98	0.7	0.595	false	64	true	minecraft:vanilla	0.0,0.1875,0.0	0.0,0.0,0.0	1.0	3
30	minecraft:cow	creature	0.9	1.4	1.3	false	7	true	minecraft:vanilla	0.0,1.368749976158142,0.0	0.0,0.0,0.0	1.0	3
31	minecraft:creaking	monster	0.9	2.7	2.3	false	1	false	minecraft:vanilla	0.0,2.700000047683716,0.0	0.0,0.0,0.0	1.0	3
32	minecraft:creeper	monster	0.6	1.7	1.445	false	1	false	minecraft:vanilla	0.0,1.7000000476837158,0.0	0.0,0.0,0.0	1.0	3
33	minecraft:cushion	misc	1.0	0.25	0.2125	false	128	true	minecraft:vanilla	0.0,0.25,0.0	0.0,0.0,0.0	1.0	2147483647
34	minecraft:dark_oak_boat	misc	1.375	0.5625	0.5625	false	32	true	minecraft:vanilla	0.0,0.5625,0.0	0.0,0.0,0.0	1.0	3
35	minecraft:dark_oak_chest_boat	misc	1.375	0.5625	0.5625	false	32	true	minecraft:vanilla	0.0,0.5625,0.0	0.0,0.0,0.0	1.0	3
36	minecraft:dolphin	water_creature	0.9	0.6	0.3	false	5	true	minecraft:vanilla	0.0,0.6000000238418579,0.0	0.0,0.0,0.0	1.0	3
37	minecraft:donkey	creature	1.3964844	1.5	1.425	false	535	true	minecraft:vanilla	0.0,1.1124999523162842,0.0	0.0,0.0,0.0	1.0	3
38	minecraft:dragon_fireball	misc	1.0	1.0	0.85	false	8	true	minecraft:vanilla	0.0,1.0,0.0	0.0,0.0,0.0	1.0	10
39	minecraft:drowned	monster	0.6	1.95	1.74	false	1	false	minecraft:vanilla	0.0,2.012500047683716,0.0	0.0,0.699999988079071,0.0	1.0	3
40	minecraft:egg	misc	0.25	0.25	0.2125	false	8	true	minecraft:vanilla	0.0,0.25,0.0	0.0,0.0,0.0	1.0	10
41	minecraft:elder_guardian	monster	1.9975	1.9975	0.99875	false	1	false	minecraft:vanilla	0.0,2.3506250381469727,0.0	0.0,0.0,0.0	1.0	3
42	minecraft:enderman	monster	0.6	2.9	2.55	false	1	false	minecraft:vanilla	0.0,2.8062500953674316,0.0	0.0,0.0,0.0	1.0	3
43	minecraft:endermite	monster	0.4	0.3	0.13	false	1	false	minecraft:vanilla	0.0,0.23749999701976776,0.0	0.0,0.0,0.0	1.0	3
44	minecraft:ender_dragon	monster	16.0	8.0	6.8	false	1	true	minecraft:vanilla	0.0,3.0,0.0	0.0,0.0,0.0	1.0	3
45	minecraft:ender_pearl	misc	0.25	0.25	0.2125	false	8	true	minecraft:vanilla	0.0,0.25,0.0	0.0,0.0,0.0	1.0	10
46	minecraft:end_crystal	misc	2.0	2.0	1.7	false	0	true	minecraft:vanilla	0.0,2.0,0.0	0.0,0.0,0.0	1.0	2147483647
47	minecraft:evoker	monster	0.6	1.95	1.6575	false	1	false	minecraft:vanilla	0.0,2.0,0.0	0.0,0.6000000238418579,0.0	1.0	3
48	minecraft:evoker_fangs	misc	0.5	0.8	0.68	false	0	true	minecraft:vanilla	0.0,0.800000011920929,0.0	0.0,0.0,0.0	1.0	2
49	minecraft:experience_bottle	misc	0.25	0.25	0.2125	false	8	true	minecraft:vanilla	0.0,0.25,0.0	0.0,0.0,0.0	1.0	10
50	minecraft:experience_orb	misc	0.5	0.5	0.425	false	0	true	minecraft:vanilla	0.0,0.5,0.0	0.0,0.0,0.0	1.0	20
51	minecraft:eye_of_ender	misc	0.25	0.25	0.2125	false	0	true	minecraft:vanilla	0.0,0.25,0.0	0.0,0.0,0.0	1.0	4
52	minecraft:falling_block	misc	0.98	0.98	0.83300006	false	0	true	minecraft:vanilla	0.0,0.9800000190734863,0.0	0.0,0.0,0.0	1.0	20
53	minecraft:fireball	misc	1.0	1.0	0.85	false	8	true	minecraft:vanilla	0.0,1.0,0.0	0.0,0.0,0.0	1.0	10
54	minecraft:firework_rocket	misc	0.25	0.25	0.2125	false	8	true	minecraft:vanilla	0.0,0.25,0.0	0.0,0.0,0.0	1.0	10
55	minecraft:fox	creature	0.6	0.7	0.4	false	7	true	minecraft:vanilla	0.0,0.6375,-0.25	0.0,0.0,0.0	1.0	3
56	minecraft:frog	creature	0.5	0.5	0.425	false	7	true	minecraft:vanilla	0.0,0.375,-0.25	0.0,0.0,0.0	1.0	3
57	minecraft:furnace_minecart	misc	0.98	0.7	0.595	false	64	true	minecraft:vanilla	0.0,0.1875,0.0	0.0,0.0,0.0	1.0	3
58	minecraft:ghast	monster	4.0	4.0	2.6	false	1	false	minecraft:vanilla	0.0,4.0625,0.0	0.0,-0.5,0.0	1.0	3
59	minecraft:happy_ghast	creature	4.0	4.0	2.6	false	7	true	minecraft:vanilla	0.0,4.0,1.7;-1.7,4.0,0.0;0.0,4.0,-1.7;1.7,4.0,0.0	0.0,-0.5,0.0	1.0	3
60	minecraft:giant	monster	3.6	12.0	10.44	false	1	false	minecraft:vanilla	0.0,12.0,0.0	0.0,3.75,0.0	1.0	3
61	minecraft:glow_item_frame	misc	0.5	0.5	0.0	false	128	true	minecraft:vanilla	0.0,0.5,0.0	0.0,0.0,0.0	1.0	2147483647
62	minecraft:glow_squid	underground_water_creature	0.8	0.8	0.4	false	5	true	minecraft:vanilla	0.0,0.800000011920929,0.0	0.0,0.0,0.0	1.0	3
63	minecraft:goat	creature	0.9	1.3	1.105	false	7	true	minecraft:vanilla	0.0,1.1124999523162842,0.0	0.0,0.0,0.0	1.0	3
64	minecraft:guardian	monster	0.85	0.85	0.425	false	1	false	minecraft:vanilla	0.0,0.9750000238418579,0.0	0.0,0.0,0.0	1.0	3
65	minecraft:hoglin	monster	1.3964844	1.4	1.19	false	7	false	minecraft:vanilla	0.0,1.493749976158142,0.0	0.0,0.0,0.0	1.0	3
66	minecraft:hopper_minecart	misc	0.98	0.7	0.595	false	64	true	minecraft:vanilla	0.0,0.1875,0.0	0.0,0.0,0.0	1.0	3
67	minecraft:horse	creature	1.3964844	1.6	1.52	false	23	true	minecraft:vanilla	0.0,1.443750023841858,0.0	0.0,0.0,0.0	1.0	3
68	minecraft:husk	monster	0.6	1.95	1.74	false	1	false	minecraft:vanilla	0.0,2.075000047683716,0.0	0.0,0.699999988079071,0.0	1.0	3
69	minecraft:illusioner	monster	0.6	1.95	1.6575	false	1	false	minecraft:vanilla	0.0,2.0,0.0	0.0,0.6000000238418579,0.0	1.0	3
70	minecraft:interaction	misc	0.0	0.0	0.0	false	0	true	minecraft:vanilla	0.0,0.0,0.0	0.0,0.0,0.0	1.0	3
71	minecraft:iron_golem	misc	1.4	2.7	2.295	false	1	true	minecraft:vanilla	0.0,2.700000047683716,0.0	0.0,0.0,0.0	1.0	3
72	minecraft:item	misc	0.25	0.25	0.2125	false	0	true	minecraft:vanilla	0.0,0.25,0.0	0.0,0.0,0.0	1.0	20
73	minecraft:item_display	misc	0.0	0.0	0.0	false	0	true	minecraft:vanilla	0.0,0.0,0.0	0.0,0.0,0.0	1.0	1
74	minecraft:item_frame	misc	0.5	0.5	0.0	false	128	true	minecraft:vanilla	0.0,0.5,0.0	0.0,0.0,0.0	1.0	2147483647
75	minecraft:jungle_boat	misc	1.375	0.5625	0.5625	false	32	true	minecraft:vanilla	0.0,0.5625,0.0	0.0,0.0,0.0	1.0	3
76	minecraft:jungle_chest_boat	misc	1.375	0.5625	0.5625	false	32	true	minecraft:vanilla	0.0,0.5625,0.0	0.0,0.0,0.0	1.0	3
77	minecraft:leash_knot	misc	0.375	0.5	0.0625	false	128	true	minecraft:vanilla	0.0,0.5,0.0	0.0,0.0,0.0	1.0	2147483647
78	minecraft:lightning_bolt	misc	0.0	0.0	0.0	false	0	true	minecraft:vanilla	0.0,0.0,0.0	0.0,0.0,0.0	1.0	2147483647
79	minecraft:llama	creature	0.9	1.87	1.7765	false	535	true	minecraft:vanilla	0.0,1.37,-0.3	0.0,0.0,0.0	1.0	3
80	minecraft:llama_spit	misc	0.25	0.25	0.2125	false	8	true	minecraft:vanilla	0.0,0.25,0.0	0.0,0.0,0.0	1.0	10
81	minecraft:magma_cube	monster	0.52	0.52	0.325	false	5	false	minecraft:vanilla	0.0,0.5199999809265137,0.0	0.0,0.0,0.0	4.0	3
82	minecraft:mangrove_boat	misc	1.375	0.5625	0.5625	false	32	true	minecraft:vanilla	0.0,0.5625,0.0	0.0,0.0,0.0	1.0	3
83	minecraft:mangrove_chest_boat	misc	1.375	0.5625	0.5625	false	32	true	minecraft:vanilla	0.0,0.5625,0.0	0.0,0.0,0.0	1.0	3
84	minecraft:mannequin	misc	0.6	1.8	1.62	false	1	true	minecraft:vanilla	0.0,1.7999999523162842,0.0	0.0,0.6,0.0	1.0	2
85	minecraft:marker	misc	0.0	0.0	0.0	false	0	true	minecraft:vanilla	0.0,0.0,0.0	0.0,0.0,0.0	1.0	3
86	minecraft:minecart	misc	0.98	0.7	0.595	false	64	true	minecraft:vanilla	0.0,0.1875,0.0	0.0,0.0,0.0	1.0	3
87	minecraft:mooshroom	creature	0.9	1.4	1.3	false	7	true	minecraft:vanilla	0.0,1.368749976158142,0.0	0.0,0.0,0.0	1.0	3
88	minecraft:mule	creature	1.3964844	1.6	1.52	false	535	true	minecraft:vanilla	0.0,1.212499976158142,0.0	0.0,0.0,0.0	1.0	3
89	minecraft:nautilus	water_creature	0.875	0.95	0.2751	false	7	true	minecraft:vanilla	0.0,1.1375000476837158,0.0	0.0,0.0,0.0	1.0	3
90	minecraft:oak_boat	misc	1.375	0.5625	0.5625	false	32	true	minecraft:vanilla	0.0,0.5625,0.0	0.0,0.0,0.0	1.0	3
91	minecraft:oak_chest_boat	misc	1.375	0.5625	0.5625	false	32	true	minecraft:vanilla	0.0,0.5625,0.0	0.0,0.0,0.0	1.0	3
92	minecraft:ocelot	creature	0.6	0.7	0.595	false	7	true	minecraft:vanilla	0.0,0.637499988079071,0.0	0.0,0.0,0.0	1.0	3
93	minecraft:ominous_item_spawner	misc	0.25	0.25	0.2125	false	0	true	minecraft:vanilla	0.0,0.25,0.0	0.0,0.0,0.0	1.0	3
94	minecraft:painting	misc	0.5	0.5	0.425	false	128	true	minecraft:vanilla	0.0,0.5,0.0	0.0,0.0,0.0	1.0	2147483647
95	minecraft:pale_oak_boat	misc	1.375	0.5625	0.5625	false	32	true	minecraft:vanilla	0.0,0.5625,0.0	0.0,0.0,0.0	1.0	3
96	minecraft:pale_oak_chest_boat	misc	1.375	0.5625	0.5625	false	32	true	minecraft:vanilla	0.0,0.5625,0.0	0.0,0.0,0.0	1.0	3
97	minecraft:panda	creature	1.3	1.25	1.0625	false	7	true	minecraft:vanilla	0.0,1.25,0.0	0.0,0.0,0.0	1.0	3
98	minecraft:parched	monster	0.6	1.99	1.74	false	1	false	minecraft:vanilla	0.0,1.9900000095367432,0.0	0.0,0.699999988079071,0.0	1.0	3
99	minecraft:parrot	creature	0.5	0.9	0.54	false	7	true	minecraft:vanilla	0.0,0.4625000059604645,0.0	0.0,0.0,0.0	1.0	3
100	minecraft:phantom	monster	0.9	0.5	0.175	false	1	false	minecraft:vanilla	0.0,0.3375000059604645,0.0	0.0,0.125,0.0	1.0	3
101	minecraft:pig	creature	0.9	0.9	0.765	false	7	true	minecraft:vanilla	0.0,0.8687499761581421,0.0	0.0,0.0,0.0	1.0	3
102	minecraft:piglin	monster	0.6	1.95	1.79	false	1	true	minecraft:vanilla	0.0,2.012500047683716,0.0	0.0,0.699999988079071,0.0	1.0	3
103	minecraft:piglin_brute	monster	0.6	1.95	1.79	false	1	false	minecraft:vanilla	0.0,2.012500047683716,0.0	0.0,0.699999988079071,0.0	1.0	3
104	minecraft:pillager	monster	0.6	1.95	1.6575	false	1	false	minecraft:vanilla	0.0,2.0,0.0	0.0,0.6000000238418579,0.0	1.0	3
105	minecraft:polar_bear	creature	1.4	1.4	1.19	false	7	true	minecraft:vanilla	0.0,1.399999976158142,0.0	0.0,0.0,0.0	1.0	3
106	minecraft:poplar_boat	misc	1.375	0.5625	0.5625	false	32	true	minecraft:vanilla	0.0,0.5625,0.0	0.0,0.0,0.0	1.0	3
107	minecraft:poplar_chest_boat	misc	1.375	0.5625	0.5625	false	32	true	minecraft:vanilla	0.0,0.5625,0.0	0.0,0.0,0.0	1.0	3
108	minecraft:splash_potion	misc	0.25	0.25	0.2125	false	8	true	minecraft:vanilla	0.0,0.25,0.0	0.0,0.0,0.0	1.0	10
109	minecraft:lingering_potion	misc	0.25	0.25	0.2125	false	8	true	minecraft:vanilla	0.0,0.25,0.0	0.0,0.0,0.0	1.0	10
110	minecraft:pufferfish	water_ambient	0.7	0.7	0.455	false	1	true	minecraft:vanilla	0.0,0.699999988079071,0.0	0.0,0.0,0.0	1.0	3
111	minecraft:rabbit	creature	0.49	0.6	0.59	false	7	true	minecraft:vanilla	0.0,0.6000000238418579,0.0	0.0,0.0,0.0	1.0	3
112	minecraft:ravager	monster	1.95	2.2	1.8700001	false	1	false	minecraft:vanilla	0.0,2.2625,-0.0625	0.0,0.0,0.0	1.0	3
113	minecraft:salmon	water_ambient	0.7	0.4	0.26	false	1	true	minecraft:vanilla	0.0,0.4000000059604645,0.0	0.0,0.0,0.0	1.0	3
114	minecraft:sheep	creature	0.9	1.3	1.235	false	7	true	minecraft:vanilla	0.0,1.2374999523162842,0.0	0.0,0.0,0.0	1.0	3
115	minecraft:shulker	monster	1.0	1.0	0.5	false	1	true	minecraft:vanilla	0.0,1.0,0.0	0.0,0.0,0.0	1.0	3
116	minecraft:shulker_bullet	misc	0.3125	0.3125	0.265625	false	8	true	minecraft:vanilla	0.0,0.3125,0.0	0.0,0.0,0.0	1.0	3
117	minecraft:silverfish	monster	0.4	0.3	0.13	false	1	false	minecraft:vanilla	0.0,0.23749999701976776,0.0	0.0,0.0,0.0	1.0	3
118	minecraft:skeleton	monster	0.6	1.99	1.74	false	1	false	minecraft:vanilla	0.0,1.9900000095367432,0.0	0.0,0.699999988079071,0.0	1.0	3
119	minecraft:skeleton_horse	creature	1.3964844	1.6	1.52	false	23	true	minecraft:vanilla	0.0,1.318750023841858,0.0	0.0,0.0,0.0	1.0	3
120	minecraft:slime	monster	0.52	0.52	0.325	false	5	false	minecraft:vanilla	0.0,0.5199999809265137,0.0	0.0,0.0,0.0	4.0	3
121	minecraft:small_fireball	misc	0.3125	0.3125	0.265625	false	8	true	minecraft:vanilla	0.0,0.3125,0.0	0.0,0.0,0.0	1.0	10
122	minecraft:sniffer	creature	1.9	1.75	1.05	false	7	true	minecraft:vanilla	0.0,2.09375,0.0	0.0,0.0,0.0	1.0	3
123	minecraft:snowball	misc	0.25	0.25	0.2125	false	8	true	minecraft:vanilla	0.0,0.25,0.0	0.0,0.0,0.0	1.0	10
124	minecraft:snow_golem	misc	0.7	1.9	1.7	false	1	true	minecraft:vanilla	0.0,1.899999976158142,0.0	0.0,0.0,0.0	1.0	3
125	minecraft:spawner_minecart	misc	0.98	0.7	0.595	false	64	true	minecraft:vanilla	0.0,0.1875,0.0	0.0,0.0,0.0	1.0	3
126	minecraft:spectral_arrow	misc	0.5	0.5	0.13	false	264	true	minecraft:vanilla	0.0,0.5,0.0	0.0,0.0,0.0	1.0	20
127	minecraft:spider	monster	1.4	0.9	0.65	false	1	false	minecraft:vanilla	0.0,0.7649999856948853,0.0	0.0,0.0,0.0	1.0	3
128	minecraft:spruce_boat	misc	1.375	0.5625	0.5625	false	32	true	minecraft:vanilla	0.0,0.5625,0.0	0.0,0.0,0.0	1.0	3
129	minecraft:spruce_chest_boat	misc	1.375	0.5625	0.5625	false	32	true	minecraft:vanilla	0.0,0.5625,0.0	0.0,0.0,0.0	1.0	3
130	minecraft:squid	water_creature	0.8	0.8	0.4	false	5	true	minecraft:vanilla	0.0,0.800000011920929,0.0	0.0,0.0,0.0	1.0	3
131	minecraft:stray	monster	0.6	1.99	1.74	false	1	false	minecraft:vanilla	0.0,1.9900000095367432,0.0	0.0,0.699999988079071,0.0	1.0	3
132	minecraft:strider	creature	0.9	1.7	1.445	false	7	true	minecraft:vanilla	0.0,1.7000000476837158,0.0	0.0,0.0,0.0	1.0	3
133	minecraft:sulfur_cube	monster	0.49	0.49	0.175	false	5	true	minecraft:vanilla	0.0,0.49000000953674316,0.0	0.0,0.0,0.0	2.0	3
134	minecraft:tadpole	creature	0.4	0.3	0.19500001	false	1	true	minecraft:vanilla	0.0,0.30000001192092896,0.0	0.0,0.0,0.0	1.0	3
135	minecraft:text_display	misc	0.0	0.0	0.0	false	0	true	minecraft:vanilla	0.0,0.0,0.0	0.0,0.0,0.0	1.0	1
136	minecraft:tnt	misc	0.98	0.98	0.15	false	0	true	minecraft:vanilla	0.0,0.9800000190734863,0.0	0.0,0.0,0.0	1.0	10
137	minecraft:tnt_minecart	misc	0.98	0.7	0.595	false	64	true	minecraft:vanilla	0.0,0.1875,0.0	0.0,0.0,0.0	1.0	3
138	minecraft:trader_llama	creature	0.9	1.87	1.7765	false	535	true	minecraft:vanilla	0.0,1.37,-0.3	0.0,0.0,0.0	1.0	3
139	minecraft:trident	misc	0.5	0.5	0.13	false	264	true	minecraft:vanilla	0.0,0.5,0.0	0.0,0.0,0.0	1.0	20
140	minecraft:tropical_fish	water_ambient	0.5	0.4	0.26	false	1	true	minecraft:vanilla	0.0,0.4000000059604645,0.0	0.0,0.0,0.0	1.0	3
141	minecraft:turtle	creature	1.2	0.4	0.34	false	7	true	minecraft:vanilla	0.0,0.55625,-0.25	0.0,0.0,0.0	1.0	3
142	minecraft:vex	monster	0.4	0.8	0.51875	false	1	false	minecraft:vanilla	0.0,0.737500011920929,0.0	0.0,-0.03999999910593033,0.0	1.0	3
143	minecraft:villager	misc	0.6	1.95	1.62	false	5	true	minecraft:vanilla	0.0,1.9500000476837158,0.0	0.0,0.0,0.0	1.0	3
144	minecraft:vindicator	monster	0.6	1.95	1.6575	false	1	false	minecraft:vanilla	0.0,2.0,0.0	0.0,0.6000000238418579,0.0	1.0	3
145	minecraft:wandering_trader	creature	0.6	1.95	1.62	false	5	true	minecraft:vanilla	0.0,1.9500000476837158,0.0	0.0,0.0,0.0	1.0	3
146	minecraft:warden	monster	0.9	2.9	2.4650002	false	1	false	minecraft:vanilla	0.0,3.1500000953674316,0.0	0.0,0.0,0.0	1.0	3
147	minecraft:wind_charge	misc	0.3125	0.3125	0.0	false	8	true	minecraft:vanilla	0.0,0.3125,0.0	0.0,0.0,0.0	1.0	10
148	minecraft:witch	monster	0.6	1.95	1.62	false	1	false	minecraft:vanilla	0.0,2.262500047683716,0.0	0.0,0.0,0.0	1.0	3
149	minecraft:wither	monster	0.9	3.5	2.9750001	false	1	false	minecraft:vanilla	0.0,3.5,0.0	0.0,0.0,0.0	1.0	3
150	minecraft:wither_skeleton	monster	0.7	2.4	2.1	false	1	false	minecraft:vanilla	0.0,2.4000000953674316,0.0	0.0,0.875,0.0	1.0	3
151	minecraft:wither_skull	misc	0.3125	0.3125	0.265625	false	8	true	minecraft:vanilla	0.0,0.3125,0.0	0.0,0.0,0.0	1.0	10
152	minecraft:wolf	creature	0.6	0.85	0.68	false	7	true	minecraft:vanilla	0.0,0.81875,-0.0625	0.0,0.0,0.0	1.0	3
153	minecraft:zoglin	monster	1.3964844	1.4	1.19	false	1	false	minecraft:vanilla	0.0,1.493749976158142,0.0	0.0,0.0,0.0	1.0	3
154	minecraft:zombie	monster	0.6	1.95	1.74	false	1	false	minecraft:vanilla	0.0,2.012500047683716,0.0	0.0,0.699999988079071,0.0	1.0	3
155	minecraft:zombie_horse	monster	1.3964844	1.6	1.52	false	23	true	minecraft:vanilla	0.0,1.318750023841858,0.0	0.0,0.0,0.0	1.0	3
156	minecraft:zombie_nautilus	monster	0.875	0.95	0.2751	false	7	true	minecraft:vanilla	0.0,1.1375000476837158,0.0	0.0,0.0,0.0	1.0	3
157	minecraft:zombie_villager	monster	0.6	1.95	1.74	false	1	false	minecraft:vanilla	0.0,2.125,0.0	0.0,0.699999988079071,0.0	1.0	3
158	minecraft:zombified_piglin	monster	0.6	1.95	1.79	false	1	false	minecraft:vanilla	0.0,2.0,0.0	0.0,0.699999988079071,0.0	1.0	3
159	minecraft:player	misc	0.6	1.8	1.62	false	1	true	minecraft:vanilla	0.0,1.7999999523162842,0.0	0.0,0.6,0.0	1.0	2
160	minecraft:fishing_bobber	misc	0.25	0.25	0.2125	false	8	true	minecraft:vanilla	0.0,0.25,0.0	0.0,0.0,0.0	1.0	5
